fips,count,avgScore,year
01001,22,0.26,2017
01003,78,0.38,2017
01005,7,0.4,2017
01007,8,0.39,2017
01009,10,0.33,2017
01011,3,0.26,2017
01013,6,0.13,2017
01015,35,0.34,2017
01017,13,0.1,2017
01019,3,-0.23,2017
01021,7,0.05,2017
01023,2,-0.62,2017
01025,6,0.1,2017
01027,3,0.36,2017
01031,21,0.38,2017
01033,16,0.1,2017
01035,1,-0.03,2017
01039,13,0.33,2017
01041,5,0.38,2017
01043,20,0.4,2017
01045,20,0.47,2017
01047,4,0.21,2017
01049,11,0.43,2017
01051,22,0.24,2017
01053,4,0.24,2017
01055,48,0.31,2017
01057,3,0.2,2017
01059,2,0.24,2017
01061,8,0.44,2017
01065,1,0.36,2017
01067,2,0.08,2017
01069,175,0.28,2017
01071,3,0.32,2017
01073,810,0.29,2017
01075,4,0.26,2017
01077,29,0.22,2017
01079,4,0.08,2017
01081,308,0.37,2017
01083,33,0.41,2017
01085,3,0.3,2017
01087,7,0.25,2017
01089,247,0.28,2017
01091,3,0.15,2017
01093,7,0.41,2017
01095,15,0.28,2017
01097,251,0.28,2017
01099,6,0.46,2017
01101,129,0.11,2017
01103,25,0.25,2017
01105,4,0.09,2017
01107,2,0.12,2017
01109,116,0.25,2017
01111,6,0.47,2017
01113,24,0.15,2017
01115,45,0.4,2017
01117,280,0.31,2017
01119,6,-0.16,2017
01121,13,0.15,2017
01123,9,0.53,2017
01125,284,0.32,2017
01127,12,0.19,2017
01129,2,0.62,2017
01133,4,0.41,2017
02016,1,0.32,2017
02020,310,0.33,2017
02050,8,0.27,2017
02068,2,0.38,2017
02070,1,0.09,2017
02090,67,0.24,2017
02110,31,0.34,2017
02122,17,0.47,2017
02130,4,0.62,2017
02150,9,0.43,2017
02164,1,0.9,2017
02170,40,0.35,2017
02180,4,0.08,2017
02185,15,0.3,2017
02201,2,0.07,2017
02220,7,0.46,2017
02232,2,0.44,2017
02240,2,0.08,2017
02261,7,0.46,2017
02270,1,0.8,2017
02280,3,0.55,2017
02282,2,0.55,2017
02290,1,-0.36,2017
04001,6,0.08,2017
04003,116,0.31,2017
04005,203,0.21,2017
04007,4,0.16,2017
04009,8,0.43,2017
04011,2,-0.08,2017
04012,3,0.28,2017
04013,4109,0.29,2017
04015,77,0.35,2017
04017,21,0.33,2017
04019,1045,0.31,2017
04021,163,0.29,2017
04023,18,0.45,2017
04025,143,0.3,2017
04027,90,0.27,2017
05001,56,0.48,2017
05005,11,0.34,2017
05007,443,0.33,2017
05009,10,0.3,2017
05011,2,0.04,2017
05013,1,0.99,2017
05015,4,0.34,2017
05017,4,0.2,2017
05019,23,0.24,2017
05021,1,0.13,2017
05023,6,0.36,2017
05025,1,0.87,2017
05027,3,0.27,2017
05029,7,0.12,2017
05031,161,0.21,2017
05033,32,0.16,2017
05035,32,0.24,2017
05037,9,0.52,2017
05039,1,0.31,2017
05043,6,0.13,2017
05045,78,0.34,2017
05047,4,0.28,2017
05049,2,0.72,2017
05051,48,0.39,2017
05053,6,0.32,2017
05055,10,0.28,2017
05059,6,0.11,2017
05063,10,0.51,2017
05065,3,0.58,2017
05067,5,0.67,2017
05069,21,0.06,2017
05071,11,0.39,2017
05073,1,-0.2,2017
05075,4,0.02,2017
05077,3,0.4,2017
05081,4,-0.15,2017
05083,4,0.55,2017
05085,34,0.31,2017
05087,6,0.49,2017
05089,7,0.45,2017
05091,3,0.32,2017
05093,22,0.12,2017
05095,1,0.16,2017
05097,1,0.82,2017
05103,7,0.03,2017
05105,2,0.3,2017
05107,6,0.07,2017
05109,5,0.34,2017
05111,9,0.37,2017
05113,3,0.14,2017
05115,44,0.31,2017
05117,4,0.41,2017
05119,356,0.27,2017
05121,4,0.21,2017
05123,7,0.24,2017
05125,47,0.32,2017
05129,1,0.44,2017
05131,72,0.25,2017
05135,5,0.28,2017
05137,3,0.61,2017
05139,17,0.35,2017
05141,6,0.42,2017
05143,608,0.33,2017
05145,49,0.48,2017
05147,3,0.46,2017
05149,4,0.48,2017
06001,3926,0.22,2017
06003,1,0.43,2017
06005,20,0.35,2017
06007,685,0.32,2017
06009,23,0.29,2017
06011,16,0.42,2017
06013,1927,0.26,2017
06015,5,0.36,2017
06017,183,0.37,2017
06019,986,0.29,2017
06021,13,0.41,2017
06023,265,0.15,2017
06025,79,0.33,2017
06027,11,0.38,2017
06029,609,0.31,2017
06031,76,0.3,2017
06033,67,0.26,2017
06035,7,0.37,2017
06037,11059,0.25,2017
06039,70,0.36,2017
06041,707,0.28,2017
06043,20,0.28,2017
06045,73,0.27,2017
06047,199,0.24,2017
06049,4,0.5,2017
06051,3,0.3,2017
06053,390,0.25,2017
06055,149,0.32,2017
06057,94,0.29,2017
06059,2884,0.33,2017
06061,625,0.29,2017
06063,11,0.36,2017
06065,1883,0.26,2017
06067,2830,0.25,2017
06069,45,0.2,2017
06071,1680,0.29,2017
06073,4719,0.3,2017
06075,2687,0.25,2017
06077,427,0.27,2017
06079,748,0.33,2017
06081,1480,0.28,2017
06083,456,0.27,2017
06085,3370,0.3,2017
06087,677,0.23,2017
06089,226,0.35,2017
06093,17,0.15,2017
06095,575,0.27,2017
06097,752,0.3,2017
06099,509,0.31,2017
06101,73,0.35,2017
06103,54,0.4,2017
06105,7,0.48,2017
06107,303,0.24,2017
06109,29,0.28,2017
06111,848,0.27,2017
06113,896,0.28,2017
06115,53,0.24,2017
08001,801,0.25,2017
08003,22,0.29,2017
08005,1074,0.25,2017
08007,4,0.59,2017
08009,2,0.37,2017
08011,1,0.76,2017
08013,997,0.31,2017
08014,217,0.31,2017
08015,9,0.23,2017
08019,3,0.05,2017
08021,4,0.54,2017
08023,2,0.25,2017
08025,1,0.41,2017
08027,1,0.35,2017
08029,3,0.32,2017
08031,2308,0.21,2017
08033,1,-0.17,2017
08035,614,0.34,2017
08037,57,0.28,2017
08039,10,0.43,2017
08041,1744,0.33,2017
08043,15,0.36,2017
08045,42,0.19,2017
08047,5,0.6,2017
08049,7,0.19,2017
08051,25,0.33,2017
08055,2,0.39,2017
08059,1084,0.28,2017
08063,5,0.05,2017
08065,8,0.16,2017
08067,80,0.31,2017
08069,915,0.28,2017
08071,2,0.53,2017
08073,14,0.61,2017
08075,6,0.16,2017
08077,81,0.32,2017
08081,4,0.1,2017
08083,11,0.32,2017
08085,23,0.41,2017
08087,13,0.25,2017
08089,11,0.37,2017
08091,5,-0.19,2017
08093,5,0.46,2017
08095,5,0.4,2017
08097,30,0.23,2017
08099,6,0.63,2017
08101,86,0.3,2017
08103,4,0.39,2017
08105,13,0.48,2017
08107,29,0.35,2017
08109,2,0.05,2017
08113,27,0.19,2017
08117,33,0.34,2017
08119,12,0.15,2017
08121,3,0.6,2017
08123,354,0.31,2017
08125,7,0.3,2017
09001,1413,0.35,2017
09003,1617,0.3,2017
09005,212,0.36,2017
09007,291,0.3,2017
09009,1400,0.3,2017
09011,288,0.36,2017
09013,341,0.35,2017
09015,105,0.31,2017
10001,101,0.15,2017
10003,887,0.31,2017
10005,247,0.38,2017
11001,2954,0.21,2017
12001,926,0.33,2017
12003,4,0.55,2017
12005,63,0.35,2017
12007,7,0.25,2017
12009,394,0.34,2017
12011,1160,0.27,2017
12013,1,0.66,2017
12015,33,0.33,2017
12017,18,0.39,2017
12019,98,0.3,2017
12021,128,0.34,2017
12023,14,0.23,2017
12027,7,0.12,2017
12029,2,0.11,2017
12031,863,0.28,2017
12033,262,0.32,2017
12035,44,0.29,2017
12037,3,0.39,2017
12039,15,0.36,2017
12041,5,0.18,2017
12043,3,0.37,2017
12045,4,0.01,2017
12047,3,-0.25,2017
12049,4,0.35,2017
12051,10,0.23,2017
12053,54,0.36,2017
12055,18,0.37,2017
12057,1156,0.31,2017
12059,2,0.29,2017
12061,84,0.32,2017
12063,12,0.33,2017
12065,6,0.32,2017
12067,1,0.43,2017
12069,117,0.36,2017
12071,416,0.32,2017
12073,574,0.26,2017
12075,17,0.39,2017
12077,3,0.52,2017
12079,1,0.68,2017
12081,158,0.4,2017
12083,95,0.31,2017
12085,91,0.41,2017
12086,1851,0.29,2017
12087,32,0.4,2017
12089,39,0.31,2017
12091,83,0.35,2017
12093,10,0.41,2017
12095,1561,0.29,2017
12097,151,0.35,2017
12099,1085,0.36,2017
12101,295,0.36,2017
12103,1107,0.36,2017
12105,236,0.31,2017
12107,12,0.3,2017
12109,236,0.36,2017
12111,161,0.36,2017
12113,86,0.43,2017
12115,177,0.37,2017
12117,375,0.32,2017
12119,8,0.35,2017
12121,6,0.73,2017
12123,4,0.3,2017
12125,2,0.58,2017
12127,282,0.33,2017
12129,26,0.17,2017
12131,20,0.42,2017
12133,6,0.52,2017
13001,9,0.29,2017
13003,6,0.5,2017
13005,3,0.57,2017
13007,1,0.43,2017
13009,71,0.38,2017
13011,9,0.22,2017
13013,64,0.33,2017
13015,124,0.24,2017
13017,10,0.19,2017
13019,9,0.47,2017
13021,132,0.28,2017
13023,34,0.39,2017
13025,3,0.23,2017
13027,6,0.12,2017
13029,35,0.28,2017
13031,272,0.29,2017
13033,90,0.3,2017
13035,19,0.45,2017
13037,3,0.18,2017
13039,22,0.24,2017
13043,1,1.53,2017
13045,119,0.2,2017
13047,42,0.39,2017
13049,1,-0.22,2017
13051,267,0.27,2017
13055,8,0.28,2017
13057,199,0.37,2017
13059,415,0.33,2017
13063,142,0.01,2017
13065,3,-0.12,2017
13067,912,0.25,2017
13069,58,0.37,2017
13071,20,0.37,2017
13073,194,0.28,2017
13075,11,0.49,2017
13077,120,0.33,2017
13079,4,0.34,2017
13081,8,0.4,2017
13083,4,0.38,2017
13085,22,0.46,2017
13087,21,0.31,2017
13089,1153,0.22,2017
13091,8,0.33,2017
13093,2,0.13,2017
13095,37,0.2,2017
13097,94,0.16,2017
13099,9,0.38,2017
13103,40,0.34,2017
13105,14,0.49,2017
13107,6,0.44,2017
13109,6,0.52,2017
13111,4,0.58,2017
13113,121,0.25,2017
13115,68,0.29,2017
13117,165,0.41,2017
13119,10,0.4,2017
13121,1878,0.23,2017
13123,29,0.29,2017
13125,2,0.03,2017
13127,57,0.34,2017
13129,20,0.33,2017
13131,4,0.18,2017
13133,9,0.28,2017
13135,1027,0.23,2017
13137,16,0.45,2017
13139,152,0.35,2017
13141,9,-0.1,2017
13143,5,0.54,2017
13145,19,0.16,2017
13147,5,-0.0,2017
13149,3,0.69,2017
13151,218,0.18,2017
13153,87,0.17,2017
13155,3,0.39,2017
13157,67,0.35,2017
13159,5,0.43,2017
13161,17,0.42,2017
13163,4,0.08,2017
13165,5,0.14,2017
13167,1,-0.47,2017
13169,21,0.42,2017
13171,10,0.05,2017
13175,24,0.16,2017
13177,16,0.16,2017
13179,39,0.06,2017
13181,5,0.21,2017
13183,5,0.26,2017
13185,99,0.15,2017
13187,41,0.31,2017
13189,4,0.28,2017
13191,12,0.17,2017
13193,14,0.15,2017
13195,15,0.16,2017
13197,1,-0.57,2017
13199,5,0.1,2017
13201,5,0.64,2017
13205,23,0.12,2017
13207,12,0.22,2017
13209,3,-0.01,2017
13211,12,0.5,2017
13213,11,0.47,2017
13215,117,0.22,2017
13217,80,0.11,2017
13219,37,0.35,2017
13221,3,0.02,2017
13223,100,0.25,2017
13225,32,0.04,2017
13227,9,0.68,2017
13229,10,0.27,2017
13231,12,0.33,2017
13233,32,0.27,2017
13235,7,0.18,2017
13237,8,0.12,2017
13241,29,0.24,2017
13245,239,0.21,2017
13247,80,0.02,2017
13251,9,0.35,2017
13253,2,0.41,2017
13255,30,0.2,2017
13257,14,0.31,2017
13259,1,-0.32,2017
13261,16,0.1,2017
13267,14,0.28,2017
13269,5,0.15,2017
13271,6,0.38,2017
13273,1,-0.42,2017
13275,29,0.31,2017
13277,19,0.31,2017
13279,12,0.3,2017
13281,7,0.42,2017
13285,26,0.38,2017
13287,6,0.39,2017
13289,6,0.08,2017
13291,9,0.64,2017
13293,15,0.28,2017
13295,34,0.46,2017
13297,54,0.39,2017
13299,26,0.04,2017
13301,2,0.24,2017
13303,13,0.2,2017
13305,16,0.3,2017
13309,2,0.18,2017
13311,12,0.53,2017
13313,48,0.26,2017
13315,1,0.44,2017
13317,5,0.43,2017
13319,9,0.17,2017
13321,4,0.25,2017
15001,81,0.29,2017
15003,601,0.31,2017
15007,76,0.29,2017
15009,47,0.31,2017
16001,842,0.32,2017
16003,1,0.66,2017
16005,210,0.37,2017
16007,2,0.48,2017
16009,1,0.11,2017
16011,19,0.35,2017
16013,20,0.31,2017
16015,1,0.0,2017
16017,14,0.2,2017
16019,97,0.33,2017
16021,5,0.53,2017
16023,1,0.53,2017
16027,142,0.33,2017
16029,2,0.03,2017
16031,15,0.31,2017
16035,5,0.35,2017
16037,4,0.07,2017
16039,19,0.2,2017
16041,4,0.64,2017
16043,7,0.54,2017
16045,7,0.49,2017
16047,5,0.55,2017
16049,5,0.53,2017
16051,13,0.35,2017
16053,5,0.11,2017
16055,104,0.33,2017
16057,64,0.24,2017
16059,1,0.33,2017
16061,3,-0.0,2017
16063,1,0.52,2017
16065,157,0.36,2017
16067,6,0.38,2017
16069,16,0.32,2017
16073,1,1.0,2017
16075,12,0.32,2017
16077,8,0.18,2017
16079,2,0.62,2017
16081,6,0.33,2017
16083,22,0.33,2017
16085,7,0.34,2017
16087,4,0.3,2017
17001,52,0.4,2017
17005,31,0.15,2017
17007,100,0.38,2017
17011,24,0.43,2017
17013,3,0.09,2017
17015,16,0.49,2017
17017,14,0.26,2017
17019,687,0.26,2017
17021,11,0.23,2017
17023,5,0.61,2017
17025,6,0.51,2017
17027,20,0.49,2017
17029,40,0.43,2017
17031,9139,0.26,2017
17033,4,0.14,2017
17035,3,0.09,2017
17037,190,0.29,2017
17039,11,0.44,2017
17041,22,0.33,2017
17043,1765,0.37,2017
17045,30,0.42,2017
17047,8,0.16,2017
17049,19,0.38,2017
17051,2,0.73,2017
17053,5,0.42,2017
17055,15,0.54,2017
17057,37,0.31,2017
17061,15,0.48,2017
17063,80,0.46,2017
17065,2,0.58,2017
17067,21,0.47,2017
17071,4,0.68,2017
17073,19,0.3,2017
17075,6,0.46,2017
17077,68,0.3,2017
17079,6,0.46,2017
17081,16,0.38,2017
17083,25,0.33,2017
17085,15,0.23,2017
17087,2,0.26,2017
17089,656,0.36,2017
17091,135,0.41,2017
17093,92,0.28,2017
17095,62,0.38,2017
17097,1390,0.38,2017
17099,117,0.44,2017
17101,6,0.53,2017
17103,19,0.26,2017
17105,18,0.46,2017
17107,22,0.37,2017
17109,40,0.26,2017
17111,571,0.38,2017
17113,340,0.32,2017
17115,58,0.34,2017
17117,53,0.47,2017
17119,423,0.33,2017
17121,13,0.36,2017
17123,6,0.55,2017
17125,21,0.42,2017
17127,6,0.43,2017
17129,21,0.5,2017
17131,3,0.04,2017
17133,34,0.52,2017
17135,25,0.53,2017
17137,25,0.43,2017
17139,11,0.31,2017
17141,43,0.36,2017
17143,212,0.32,2017
17145,9,0.68,2017
17147,12,0.47,2017
17149,7,0.34,2017
17153,3,0.14,2017
17155,3,0.46,2017
17157,8,0.61,2017
17159,3,0.42,2017
17161,89,0.33,2017
17163,305,0.32,2017
17165,8,0.42,2017
17167,566,0.37,2017
17169,12,0.69,2017
17171,7,0.3,2017
17173,15,0.34,2017
17175,5,0.03,2017
17177,44,0.41,2017
17179,109,0.43,2017
17181,4,-0.08,2017
17183,60,0.32,2017
17185,12,0.44,2017
17187,17,0.05,2017
17189,3,0.56,2017
17191,35,0.29,2017
17193,7,0.14,2017
17195,24,0.39,2017
17197,684,0.35,2017
17199,20,0.29,2017
17201,311,0.33,2017
17203,32,0.44,2017
18001,7,0.56,2017
18003,290,0.37,2017
18005,74,0.36,2017
18007,13,0.16,2017
18009,7,0.19,2017
18011,351,0.39,2017
18013,9,0.43,2017
18015,9,0.24,2017
18017,17,0.37,2017
18019,129,0.43,2017
18021,19,0.38,2017
18023,16,0.27,2017
18025,2,0.44,2017
18027,18,0.5,2017
18029,55,0.34,2017
18031,16,0.35,2017
18033,21,0.44,2017
18035,188,0.32,2017
18037,17,0.37,2017
18039,143,0.37,2017
18041,6,0.51,2017
18043,93,0.39,2017
18045,8,0.31,2017
18047,9,0.43,2017
18049,2,0.46,2017
18051,20,0.45,2017
18053,56,0.35,2017
18055,12,0.37,2017
18057,623,0.37,2017
18059,97,0.4,2017
18061,19,0.37,2017
18063,230,0.39,2017
18065,22,0.42,2017
18067,74,0.34,2017
18069,54,0.34,2017
18071,35,0.41,2017
18073,13,0.34,2017
18075,10,0.43,2017
18077,36,0.38,2017
18079,11,0.39,2017
18081,235,0.34,2017
18083,23,0.36,2017
18085,46,0.39,2017
18087,2,0.25,2017
18089,276,0.27,2017
18091,43,0.42,2017
18093,34,0.37,2017
18095,82,0.39,2017
18097,1797,0.27,2017
18099,41,0.37,2017
18101,11,0.58,2017
18103,45,0.31,2017
18105,697,0.26,2017
18107,55,0.47,2017
18109,60,0.41,2017
18111,3,0.56,2017
18113,12,0.24,2017
18117,7,0.38,2017
18119,12,0.2,2017
18121,9,0.3,2017
18123,7,0.27,2017
18125,3,0.35,2017
18127,180,0.35,2017
18129,30,0.34,2017
18131,3,0.51,2017
18133,43,0.35,2017
18135,11,0.25,2017
18137,39,0.37,2017
18139,7,0.34,2017
18141,446,0.31,2017
18143,9,0.24,2017
18145,54,0.5,2017
18147,10,0.53,2017
18149,7,0.45,2017
18151,60,0.34,2017
18153,11,0.28,2017
18155,2,0.16,2017
18157,444,0.36,2017
18159,16,0.46,2017
18161,13,0.31,2017
18163,201,0.34,2017
18165,6,0.47,2017
18167,177,0.37,2017
18169,13,0.32,2017
18171,5,0.25,2017
18173,51,0.3,2017
18175,18,0.42,2017
18177,83,0.29,2017
18179,20,0.36,2017
18181,17,0.24,2017
18183,11,0.69,2017
19001,2,0.31,2017
19003,2,0.3,2017
19005,14,0.4,2017
19007,7,0.08,2017
19009,2,0.75,2017
19011,18,0.37,2017
19013,538,0.39,2017
19015,16,0.24,2017
19017,55,0.34,2017
19019,17,0.4,2017
19021,12,0.66,2017
19023,21,0.45,2017
19025,4,0.42,2017
19027,20,0.33,2017
19029,5,0.52,2017
19031,25,0.48,2017
19033,31,0.29,2017
19035,7,0.77,2017
19037,9,0.54,2017
19039,3,-0.01,2017
19041,11,0.39,2017
19043,12,0.32,2017
19045,50,0.3,2017
19047,13,0.41,2017
19049,62,0.33,2017
19051,6,0.47,2017
19053,19,0.19,2017
19055,14,0.42,2017
19057,47,0.42,2017
19059,20,0.53,2017
19061,259,0.36,2017
19063,3,0.24,2017
19065,17,0.26,2017
19067,7,0.49,2017
19069,1,0.11,2017
19071,1,-0.16,2017
19073,7,0.05,2017
19075,15,0.25,2017
19077,10,0.65,2017
19079,11,0.39,2017
19081,2,0.43,2017
19083,15,0.29,2017
19085,8,0.16,2017
19087,14,0.48,2017
19089,2,0.62,2017
19091,10,0.32,2017
19093,4,0.12,2017
19095,7,0.11,2017
19097,18,0.48,2017
19099,57,0.49,2017
19101,6,0.28,2017
19103,1408,0.34,2017
19105,9,0.32,2017
19107,6,-0.14,2017
19109,3,0.5,2017
19111,12,0.2,2017
19113,422,0.35,2017
19115,14,0.39,2017
19117,4,0.55,2017
19119,7,0.2,2017
19121,8,0.57,2017
19123,7,0.35,2017
19125,18,0.54,2017
19127,59,0.28,2017
19129,19,0.41,2017
19131,4,0.7,2017
19133,5,0.23,2017
19135,11,0.52,2017
19137,16,0.54,2017
19139,51,0.3,2017
19141,8,0.51,2017
19143,2,0.3,2017
19145,7,0.39,2017
19147,5,0.14,2017
19149,26,0.42,2017
19151,6,0.58,2017
19153,997,0.34,2017
19155,91,0.45,2017
19157,50,0.38,2017
19159,3,0.47,2017
19161,1,0.59,2017
19163,241,0.42,2017
19165,11,0.24,2017
19167,30,0.42,2017
19169,313,0.33,2017
19171,13,0.32,2017
19173,3,0.45,2017
19175,6,0.48,2017
19177,1,0.39,2017
19179,14,0.4,2017
19181,106,0.33,2017
19183,26,0.22,2017
19185,3,0.59,2017
19187,14,0.29,2017
19189,4,0.32,2017
19191,40,0.29,2017
19193,102,0.36,2017
19195,7,0.11,2017
19197,7,0.32,2017
20001,6,-0.02,2017
20003,2,0.46,2017
20005,15,0.47,2017
20007,1,0.85,2017
20009,6,0.58,2017
20011,2,0.4,2017
20013,5,-0.31,2017
20015,97,0.34,2017
20021,17,0.55,2017
20027,7,0.23,2017
20029,3,0.91,2017
20031,3,0.62,2017
20035,17,0.21,2017
20037,76,0.3,2017
20041,9,0.42,2017
20043,4,0.36,2017
20045,284,0.29,2017
20051,26,0.19,2017
20053,1,-1.03,2017
20055,10,0.32,2017
20057,10,0.42,2017
20059,21,0.46,2017
20061,62,0.25,2017
20063,1,0.97,2017
20065,1,-0.01,2017
20067,2,0.29,2017
20069,2,0.62,2017
20071,2,0.58,2017
20073,3,0.49,2017
20075,1,-0.6,2017
20077,4,0.65,2017
20079,43,0.43,2017
20085,6,0.54,2017
20087,11,0.37,2017
20089,5,0.32,2017
20091,1216,0.37,2017
20093,1,0.29,2017
20095,2,0.76,2017
20099,47,0.37,2017
20103,39,0.29,2017
20105,1,0.16,2017
20107,2,0.72,2017
20109,2,0.38,2017
20111,86,0.27,2017
20113,15,0.26,2017
20115,9,0.09,2017
20117,9,0.52,2017
20119,1,0.17,2017
20121,17,0.47,2017
20123,15,0.24,2017
20125,10,0.18,2017
20127,3,0.17,2017
20131,3,0.26,2017
20133,10,0.33,2017
20137,2,0.58,2017
20139,6,0.22,2017
20143,3,0.38,2017
20149,15,0.43,2017
20151,3,0.42,2017
20155,19,0.51,2017
20159,10,0.31,2017
20161,327,0.35,2017
20163,2,0.18,2017
20165,1,0.13,2017
20167,2,0.59,2017
20169,36,0.31,2017
20171,1,0.16,2017
20173,331,0.28,2017
20177,135,0.35,2017
20179,1,-0.5,2017
20181,1,0.53,2017
20185,1,0.42,2017
20187,1,0.58,2017
20189,3,0.46,2017
20191,23,0.39,2017
20193,2,0.7,2017
20197,1,0.4,2017
20201,3,0.43,2017
20205,2,0.15,2017
20207,1,-0.23,2017
20209,169,0.28,2017
21001,12,0.36,2017
21003,4,0.43,2017
21005,16,0.3,2017
21007,10,0.34,2017
21009,13,0.38,2017
21011,5,0.34,2017
21013,13,0.45,2017
21015,202,0.41,2017
21017,18,0.46,2017
21019,23,0.41,2017
21021,78,0.27,2017
21023,3,0.53,2017
21025,4,0.29,2017
21027,3,0.57,2017
21029,120,0.41,2017
21031,1,0.46,2017
21033,4,0.6,2017
21035,57,0.39,2017
21037,154,0.31,2017
21039,1,0.27,2017
21041,2,0.58,2017
21043,11,0.47,2017
21045,7,0.47,2017
21047,50,0.29,2017
21049,29,0.36,2017
21051,4,0.53,2017
21053,1,0.79,2017
21055,1,0.64,2017
21057,2,0.42,2017
21059,59,0.24,2017
21061,1,0.66,2017
21065,1,-0.1,2017
21067,821,0.28,2017
21069,6,0.76,2017
21071,8,0.68,2017
21073,48,0.25,2017
21075,5,0.01,2017
21077,5,0.15,2017
21079,9,0.35,2017
21081,16,0.32,2017
21083,28,0.49,2017
21085,4,0.06,2017
21087,3,0.62,2017
21089,14,0.28,2017
21091,4,0.6,2017
21093,94,0.27,2017
21095,10,0.38,2017
21097,5,0.41,2017
21099,2,0.3,2017
21101,23,0.37,2017
21103,23,0.33,2017
21105,2,0.29,2017
21107,19,0.29,2017
21109,2,0.43,2017
21111,1878,0.3,2017
21113,51,0.34,2017
21115,8,0.6,2017
21117,255,0.34,2017
21119,3,0.28,2017
21121,3,0.48,2017
21123,6,0.6,2017
21125,15,0.36,2017
21127,7,0.23,2017
21131,2,0.49,2017
21133,4,0.3,2017
21135,3,0.54,2017
21137,6,0.0,2017
21139,1,0.88,2017
21141,7,0.57,2017
21143,3,0.16,2017
21145,46,0.32,2017
21147,1,0.84,2017
21149,8,0.42,2017
21151,166,0.27,2017
21153,2,0.26,2017
21155,6,0.04,2017
21157,16,0.38,2017
21159,3,0.24,2017
21161,10,0.18,2017
21163,8,0.42,2017
21167,38,0.33,2017
21169,3,0.68,2017
21171,1,0.09,2017
21173,10,0.26,2017
21175,2,0.06,2017
21177,7,0.44,2017
21179,38,0.36,2017
21181,5,0.37,2017
21183,4,0.32,2017
21185,133,0.36,2017
21187,3,0.56,2017
21191,3,-0.01,2017
21193,10,0.62,2017
21195,11,0.49,2017
21197,6,0.56,2017
21199,24,0.35,2017
21203,6,0.25,2017
21205,16,0.35,2017
21207,5,0.66,2017
21209,66,0.35,2017
21211,47,0.42,2017
21213,2,0.54,2017
21215,16,0.44,2017
21217,19,0.33,2017
21219,4,0.22,2017
21221,6,0.09,2017
21223,5,0.5,2017
21225,11,0.15,2017
21227,122,0.28,2017
21229,4,0.31,2017
21231,8,0.43,2017
21233,2,-0.29,2017
21235,21,0.17,2017
21239,34,0.33,2017
22001,12,0.42,2017
22003,1,0.99,2017
22005,37,0.35,2017
22007,4,0.18,2017
22009,5,0.19,2017
22011,5,0.7,2017
22013,6,0.56,2017
22015,73,0.38,2017
22017,167,0.29,2017
22019,69,0.34,2017
22021,1,0.63,2017
22027,1,0.2,2017
22029,3,0.42,2017
22031,10,0.3,2017
22033,439,0.29,2017
22035,1,0.96,2017
22037,5,0.15,2017
22039,1,0.63,2017
22041,1,0.23,2017
22043,6,0.57,2017
22045,16,0.41,2017
22047,9,0.21,2017
22049,2,0.9,2017
22051,266,0.25,2017
22053,1,-0.08,2017
22055,119,0.33,2017
22057,29,0.43,2017
22061,40,0.36,2017
22063,39,0.43,2017
22065,2,0.44,2017
22067,1,0.77,2017
22069,16,0.22,2017
22071,878,0.19,2017
22073,43,0.39,2017
22075,12,0.37,2017
22077,5,-0.1,2017
22079,46,0.22,2017
22083,2,0.22,2017
22085,2,0.76,2017
22087,22,0.1,2017
22089,15,0.41,2017
22093,12,0.03,2017
22095,12,0.35,2017
22097,13,0.3,2017
22099,10,0.22,2017
22101,13,0.2,2017
22103,118,0.36,2017
22105,24,0.29,2017
22109,22,0.39,2017
22111,5,0.06,2017
22113,11,0.59,2017
22115,17,0.36,2017
22117,14,0.41,2017
22119,7,0.54,2017
22121,10,0.17,2017
22123,1,0.08,2017
22125,30,0.18,2017
23001,82,0.27,2017
23003,43,0.5,2017
23005,651,0.26,2017
23007,37,0.35,2017
23009,49,0.11,2017
23011,121,0.3,2017
23013,27,0.29,2017
23015,14,0.4,2017
23017,35,0.41,2017
23019,142,0.36,2017
23021,3,0.35,2017
23023,43,0.36,2017
23025,37,0.37,2017
23027,29,0.14,2017
23029,13,0.1,2017
23031,207,0.36,2017
24001,47,0.46,2017
24003,773,0.32,2017
24005,1245,0.28,2017
24009,140,0.37,2017
24011,39,0.28,2017
24013,179,0.43,2017
24015,99,0.38,2017
24017,144,0.14,2017
24019,42,0.28,2017
24021,366,0.34,2017
24023,4,0.72,2017
24025,241,0.35,2017
24027,702,0.31,2017
24029,44,0.39,2017
24031,2623,0.28,2017
24033,1198,0.08,2017
24035,88,0.4,2017
24037,69,0.31,2017
24039,6,-0.09,2017
24041,58,0.38,2017
24043,71,0.33,2017
24045,80,0.3,2017
24047,52,0.39,2017
24510,1334,0.2,2017
25001,317,0.37,2017
25005,689,0.39,2017
25007,34,0.2,2017
25009,1297,0.33,2017
25013,1870,0.29,2017
25017,5655,0.31,2017
25019,7,0.34,2017
25021,1785,0.34,2017
25023,801,0.34,2017
25025,3193,0.22,2017
25027,1202,0.35,2017
26001,11,0.41,2017
26003,3,0.42,2017
26005,139,0.33,2017
26007,18,0.49,2017
26009,11,0.27,2017
26011,9,0.27,2017
26013,5,0.07,2017
26015,45,0.36,2017
26017,108,0.42,2017
26019,8,0.69,2017
26021,165,0.26,2017
26023,14,0.43,2017
26025,130,0.26,2017
26027,18,0.29,2017
26029,11,0.25,2017
26031,8,0.11,2017
26033,17,0.32,2017
26035,27,0.32,2017
26037,64,0.4,2017
26039,8,0.5,2017
26041,17,0.47,2017
26043,13,0.34,2017
26045,249,0.33,2017
26047,28,0.28,2017
26049,498,0.35,2017
26051,15,0.47,2017
26053,6,0.48,2017
26055,101,0.4,2017
26057,36,0.32,2017
26059,18,0.34,2017
26061,57,0.37,2017
26063,20,0.43,2017
26065,670,0.27,2017
26067,36,0.31,2017
26069,18,0.55,2017
26073,146,0.37,2017
26075,90,0.29,2017
26077,617,0.29,2017
26079,6,0.28,2017
26081,2025,0.32,2017
26085,4,0.29,2017
26087,23,0.52,2017
26089,16,0.08,2017
26091,57,0.44,2017
26093,162,0.43,2017
26095,1,-0.04,2017
26097,3,0.46,2017
26099,556,0.36,2017
26101,10,0.37,2017
26103,136,0.36,2017
26105,26,0.35,2017
26107,92,0.29,2017
26109,20,0.49,2017
26111,175,0.32,2017
26113,10,0.42,2017
26115,126,0.37,2017
26117,36,0.43,2017
26119,2,0.22,2017
26121,232,0.21,2017
26123,33,0.46,2017
26125,1668,0.33,2017
26127,14,0.3,2017
26129,15,0.24,2017
26131,2,0.62,2017
26133,11,0.42,2017
26135,7,0.31,2017
26137,8,0.46,2017
26139,960,0.36,2017
26141,6,0.56,2017
26143,21,0.46,2017
26145,232,0.34,2017
26147,96,0.37,2017
26149,23,0.45,2017
26151,21,0.52,2017
26155,43,0.31,2017
26157,40,0.4,2017
26159,68,0.42,2017
26161,1366,0.27,2017
26163,1682,0.24,2017
26165,21,0.47,2017
27001,11,0.46,2017
27003,560,0.34,2017
27005,9,0.35,2017
27007,37,0.31,2017
27009,36,0.36,2017
27013,181,0.32,2017
27015,60,0.36,2017
27017,49,0.38,2017
27019,343,0.33,2017
27021,6,0.3,2017
27023,9,0.52,2017
27025,71,0.38,2017
27027,143,0.35,2017
27029,2,0.02,2017
27031,7,0.52,2017
27033,3,0.61,2017
27035,26,0.37,2017
27037,991,0.36,2017
27039,23,0.33,2017
27041,35,0.36,2017
27043,6,0.32,2017
27045,41,0.41,2017
27047,22,0.5,2017
27049,78,0.35,2017
27051,7,0.31,2017
27053,3975,0.28,2017
27055,53,0.43,2017
27057,7,-0.06,2017
27059,28,0.42,2017
27061,38,0.26,2017
27063,3,0.34,2017
27065,5,0.3,2017
27067,37,0.35,2017
27069,3,0.22,2017
27071,6,0.22,2017
27073,5,0.37,2017
27075,4,0.29,2017
27077,1,-0.21,2017
27079,27,0.31,2017
27081,3,0.25,2017
27083,45,0.43,2017
27085,40,0.4,2017
27089,2,0.46,2017
27091,7,0.54,2017
27093,27,0.28,2017
27095,24,0.33,2017
27097,11,0.46,2017
27099,35,0.39,2017
27101,7,0.47,2017
27103,84,0.29,2017
27105,4,0.4,2017
27107,3,-0.22,2017
27109,376,0.35,2017
27111,39,0.42,2017
27113,14,0.52,2017
27115,65,0.37,2017
27117,9,0.49,2017
27119,19,0.28,2017
27121,6,0.6,2017
27123,1626,0.28,2017
27125,1,0.19,2017
27127,10,0.45,2017
27129,12,0.31,2017
27131,177,0.33,2017
27133,9,0.46,2017
27135,2,0.34,2017
27137,410,0.41,2017
27139,310,0.41,2017
27141,89,0.41,2017
27143,5,0.12,2017
27145,200,0.36,2017
27147,56,0.46,2017
27149,5,0.16,2017
27151,9,0.39,2017
27153,11,0.15,2017
27155,1,0.81,2017
27157,25,0.38,2017
27159,9,0.29,2017
27161,11,0.34,2017
27163,734,0.36,2017
27165,8,0.43,2017
27167,2,0.41,2017
27169,229,0.37,2017
27171,203,0.35,2017
27173,3,0.05,2017
28001,7,0.21,2017
28003,9,0.55,2017
28007,2,0.32,2017
28009,1,0.18,2017
28011,6,0.33,2017
28013,5,0.18,2017
28017,3,-0.34,2017
28019,1,0.22,2017
28023,4,0.44,2017
28025,6,0.13,2017
28027,5,0.13,2017
28029,3,0.47,2017
28031,7,0.07,2017
28033,84,0.2,2017
28035,352,0.28,2017
28037,1,0.56,2017
28039,7,0.45,2017
28041,2,0.53,2017
28043,3,0.32,2017
28045,13,0.26,2017
28047,82,0.29,2017
28049,171,0.14,2017
28051,3,0.24,2017
28053,1,-0.08,2017
28057,7,0.25,2017
28059,40,0.38,2017
28061,3,0.72,2017
28065,1,0.74,2017
28067,14,0.3,2017
28069,3,0.19,2017
28071,158,0.28,2017
28073,27,0.38,2017
28075,54,0.33,2017
28077,7,0.34,2017
28079,3,0.42,2017
28081,50,0.31,2017
28083,5,-0.05,2017
28085,5,0.19,2017
28087,18,0.26,2017
28089,127,0.16,2017
28091,10,0.09,2017
28093,3,0.29,2017
28095,7,0.16,2017
28097,2,-0.06,2017
28099,6,0.14,2017
28101,2,0.52,2017
28103,3,-0.04,2017
28105,145,0.26,2017
28107,7,0.12,2017
28109,18,0.47,2017
28111,4,0.17,2017
28113,14,0.38,2017
28115,7,0.13,2017
28117,6,0.12,2017
28121,99,0.33,2017
28123,4,0.2,2017
28125,1,-0.54,2017
28127,6,-0.04,2017
28129,4,-0.24,2017
28131,8,0.27,2017
28133,7,-0.02,2017
28135,4,0.22,2017
28137,4,0.7,2017
28139,2,0.46,2017
28141,4,0.63,2017
28143,1,0.13,2017
28145,5,0.05,2017
28147,3,0.68,2017
28149,17,0.4,2017
28151,12,0.1,2017
28153,4,0.32,2017
28155,2,0.4,2017
28157,1,0.2,2017
28161,9,0.36,2017
28163,5,0.29,2017
29001,53,0.4,2017
29003,49,0.42,2017
29005,2,0.26,2017
29007,8,0.4,2017
29009,8,0.51,2017
29011,2,0.17,2017
29013,21,0.48,2017
29015,8,0.36,2017
29017,3,0.39,2017
29019,569,0.32,2017
29021,70,0.4,2017
29023,3,0.33,2017
29025,1,0.01,2017
29027,78,0.49,2017
29029,29,0.43,2017
29031,65,0.34,2017
29033,4,0.22,2017
29035,1,0.64,2017
29037,108,0.34,2017
29039,3,0.7,2017
29041,3,0.31,2017
29043,127,0.37,2017
29047,461,0.32,2017
29049,5,0.36,2017
29051,114,0.27,2017
29053,8,0.65,2017
29055,6,0.67,2017
29057,1,0.99,2017
29059,8,0.28,2017
29061,3,0.74,2017
29063,3,0.13,2017
29065,2,0.4,2017
29067,1,0.74,2017
29069,6,0.12,2017
29071,86,0.41,2017
29073,7,0.48,2017
29075,2,0.7,2017
29077,544,0.33,2017
29079,3,0.46,2017
29081,2,0.44,2017
29083,14,0.26,2017
29087,2,0.14,2017
29089,11,0.3,2017
29091,8,0.4,2017
29093,1,0.9,2017
29095,1052,0.23,2017
29097,77,0.38,2017
29099,129,0.38,2017
29101,128,0.3,2017
29103,2,0.54,2017
29105,24,0.4,2017
29107,23,0.33,2017
29109,9,0.41,2017
29111,12,0.38,2017
29113,33,0.36,2017
29115,2,0.68,2017
29117,6,0.19,2017
29119,2,0.83,2017
29121,4,0.37,2017
29123,6,0.32,2017
29125,3,0.3,2017
29127,10,0.42,2017
29129,1,0.47,2017
29131,8,0.59,2017
29133,1,1.0,2017
29135,4,0.22,2017
29137,3,0.67,2017
29139,3,0.28,2017
29141,8,0.38,2017
29143,3,-0.06,2017
29145,16,0.44,2017
29147,148,0.33,2017
29149,3,0.71,2017
29151,7,0.46,2017
29155,3,0.12,2017
29157,11,0.51,2017
29159,38,0.48,2017
29161,32,0.35,2017
29163,4,0.28,2017
29165,329,0.32,2017
29167,34,0.28,2017
29169,26,0.25,2017
29171,1,0.61,2017
29173,2,0.68,2017
29175,11,0.22,2017
29177,6,0.36,2017
29179,2,0.44,2017
29183,459,0.39,2017
29185,2,0.12,2017
29186,10,0.43,2017
29187,20,0.47,2017
29189,2435,0.33,2017
29195,12,0.19,2017
29199,2,-0.28,2017
29201,11,0.4,2017
29203,1,0.49,2017
29205,4,0.24,2017
29207,7,0.27,2017
29209,11,0.39,2017
29213,21,0.43,2017
29215,2,0.9,2017
29217,5,0.12,2017
29219,23,0.49,2017
29221,2,0.55,2017
29223,3,0.69,2017
29225,29,0.41,2017
29227,1,0.68,2017
29229,4,0.57,2017
29510,780,0.22,2017
30001,5,0.38,2017
30003,5,0.44,2017
30007,1,0.58,2017
30009,4,0.33,2017
30013,52,0.2,2017
30015,6,0.56,2017
30017,5,0.11,2017
30021,3,0.64,2017
30023,2,0.84,2017
30025,1,-0.42,2017
30027,5,0.52,2017
30029,51,0.33,2017
30031,352,0.3,2017
30035,1,0.65,2017
30041,8,0.55,2017
30043,2,0.5,2017
30047,8,0.36,2017
30049,56,0.35,2017
30051,2,0.55,2017
30053,35,0.36,2017
30057,2,0.14,2017
30061,1,-0.1,2017
30063,164,0.29,2017
30067,14,0.1,2017
30073,2,0.45,2017
30077,2,-0.08,2017
30081,16,0.22,2017
30083,13,0.43,2017
30085,2,0.52,2017
30089,1,0.09,2017
30091,1,-0.32,2017
30093,4,0.59,2017
30095,1,0.18,2017
30097,1,-0.57,2017
30099,1,0.65,2017
30105,4,0.63,2017
30109,1,0.71,2017
30111,134,0.34,2017
31001,25,0.37,2017
31003,2,0.02,2017
31007,1,0.09,2017
31011,1,-0.25,2017
31013,7,0.53,2017
31015,1,0.86,2017
31017,1,0.29,2017
31019,69,0.41,2017
31021,10,0.52,2017
31023,12,0.57,2017
31025,27,0.36,2017
31027,3,0.52,2017
31029,1,0.13,2017
31031,2,0.32,2017
31033,7,0.25,2017
31035,4,0.24,2017
31037,1,-0.14,2017
31039,5,0.04,2017
31041,4,0.71,2017
31043,12,0.3,2017
31045,9,0.1,2017
31047,11,0.29,2017
31049,6,-0.01,2017
31051,5,0.51,2017
31053,45,0.34,2017
31055,1214,0.33,2017
31059,12,0.51,2017
31061,5,0.47,2017
31067,25,0.36,2017
31069,1,0.75,2017
31071,1,0.68,2017
31079,26,0.32,2017
31081,4,0.12,2017
31089,2,0.57,2017
31093,2,0.48,2017
31095,6,0.2,2017
31097,2,0.63,2017
31099,3,0.25,2017
31101,5,0.37,2017
31103,2,0.28,2017
31109,1109,0.35,2017
31111,18,0.41,2017
31113,2,0.4,2017
31119,10,0.38,2017
31121,4,0.53,2017
31125,1,0.43,2017
31127,5,0.3,2017
31129,2,0.44,2017
31131,13,0.2,2017
31135,1,0.42,2017
31137,5,0.48,2017
31139,4,0.24,2017
31141,33,0.34,2017
31143,3,0.21,2017
31145,3,0.47,2017
31147,6,0.34,2017
31149,1,0.79,2017
31151,40,0.3,2017
31153,291,0.31,2017
31155,14,0.29,2017
31157,10,0.46,2017
31159,49,0.39,2017
31161,62,0.32,2017
31163,1,0.95,2017
31167,3,0.53,2017
31169,3,0.12,2017
31173,5,0.66,2017
31175,1,1.02,2017
31177,27,0.31,2017
31179,6,0.31,2017
31181,1,0.85,2017
31185,9,0.46,2017
32001,10,0.14,2017
32003,1234,0.28,2017
32005,18,0.42,2017
32007,4,0.41,2017
32009,1,0.4,2017
32013,5,0.32,2017
32015,1,0.24,2017
32017,1,0.27,2017
32019,13,0.29,2017
32021,3,0.29,2017
32023,5,0.75,2017
32027,4,0.34,2017
32031,731,0.25,2017
32510,81,0.34,2017
33001,61,0.4,2017
33003,58,0.36,2017
33005,127,0.31,2017
33007,20,0.54,2017
33009,248,0.29,2017
33011,444,0.38,2017
33013,265,0.39,2017
33015,357,0.36,2017
33017,196,0.3,2017
33019,77,0.43,2017
34001,185,0.36,2017
34003,1368,0.37,2017
34005,464,0.29,2017
34007,529,0.32,2017
34009,55,0.37,2017
34011,67,0.28,2017
34013,929,0.21,2017
34015,213,0.38,2017
34017,709,0.27,2017
34019,196,0.4,2017
34021,733,0.31,2017
34023,847,0.3,2017
34025,760,0.39,2017
34027,833,0.42,2017
34029,347,0.41,2017
34031,396,0.34,2017
34033,54,0.27,2017
34035,504,0.34,2017
34037,126,0.37,2017
34039,658,0.3,2017
34041,132,0.37,2017
35001,846,0.3,2017
35005,30,0.31,2017
35006,12,0.4,2017
35007,4,0.35,2017
35009,30,0.29,2017
35013,206,0.27,2017
35015,17,0.48,2017
35017,15,0.22,2017
35023,1,-0.32,2017
35025,9,0.5,2017
35028,26,0.27,2017
35029,8,0.1,2017
35031,7,0.22,2017
35033,1,0.22,2017
35035,23,0.32,2017
35037,2,0.49,2017
35039,11,0.11,2017
35041,61,0.33,2017
35043,94,0.23,2017
35045,24,0.3,2017
35047,18,0.25,2017
35049,130,0.28,2017
35051,4,0.58,2017
35053,13,0.24,2017
35055,9,0.1,2017
35057,7,0.07,2017
35061,35,0.29,2017
36001,484,0.29,2017
36003,50,0.49,2017
36005,1160,0.16,2017
36007,149,0.35,2017
36009,34,0.47,2017
36011,50,0.36,2017
36013,116,0.41,2017
36015,51,0.4,2017
36017,13,0.37,2017
36019,74,0.38,2017
36021,55,0.35,2017
36023,47,0.45,2017
36025,24,0.29,2017
36027,272,0.28,2017
36029,906,0.32,2017
36031,22,0.29,2017
36033,24,0.35,2017
36035,62,0.42,2017
36037,33,0.43,2017
36039,29,0.36,2017
36041,2,0.16,2017
36043,48,0.47,2017
36045,49,0.33,2017
36047,3497,0.19,2017
36049,13,0.36,2017
36051,70,0.35,2017
36053,100,0.35,2017
36055,1407,0.3,2017
36057,50,0.46,2017
36059,1358,0.35,2017
36061,4399,0.27,2017
36063,126,0.38,2017
36065,153,0.37,2017
36067,655,0.29,2017
36069,111,0.32,2017
36071,326,0.35,2017
36073,30,0.35,2017
36075,60,0.27,2017
36077,89,0.34,2017
36079,88,0.35,2017
36081,1859,0.24,2017
36083,176,0.36,2017
36085,297,0.3,2017
36087,232,0.3,2017
36089,57,0.32,2017
36091,290,0.38,2017
36093,295,0.35,2017
36095,21,0.42,2017
36097,6,0.27,2017
36099,17,0.48,2017
36101,65,0.52,2017
36103,1846,0.39,2017
36105,32,0.31,2017
36107,33,0.4,2017
36109,419,0.27,2017
36111,204,0.29,2017
36113,52,0.34,2017
36115,31,0.41,2017
36117,66,0.34,2017
36119,1555,0.32,2017
36121,21,0.44,2017
36123,19,0.33,2017
37001,200,0.28,2017
37003,13,0.5,2017
37005,5,0.23,2017
37007,4,0.43,2017
37009,17,0.29,2017
37011,14,0.41,2017
37013,21,0.47,2017
37015,10,0.14,2017
37017,13,0.09,2017
37019,37,0.49,2017
37021,652,0.28,2017
37023,45,0.42,2017
37025,266,0.29,2017
37027,35,0.45,2017
37029,6,0.3,2017
37031,25,0.55,2017
37033,14,0.38,2017
37035,146,0.32,2017
37037,42,0.25,2017
37039,9,0.34,2017
37041,6,0.55,2017
37043,5,0.27,2017
37045,68,0.36,2017
37047,16,0.25,2017
37049,46,0.4,2017
37051,383,0.26,2017
37053,20,0.25,2017
37055,22,0.4,2017
37057,71,0.45,2017
37059,60,0.38,2017
37061,23,0.19,2017
37063,1190,0.21,2017
37065,26,0.38,2017
37067,677,0.27,2017
37069,33,0.34,2017
37071,168,0.31,2017
37073,4,0.8,2017
37075,1,0.51,2017
37077,27,0.12,2017
37079,1,0.33,2017
37081,848,0.23,2017
37083,22,0.18,2017
37085,89,0.31,2017
37087,37,0.39,2017
37089,114,0.38,2017
37091,8,0.11,2017
37093,48,0.33,2017
37095,2,0.09,2017
37097,197,0.37,2017
37099,112,0.31,2017
37101,154,0.29,2017
37103,2,-0.12,2017
37105,49,0.39,2017
37107,50,0.21,2017
37109,54,0.28,2017
37111,17,0.26,2017
37113,15,0.23,2017
37115,17,0.46,2017
37117,7,0.28,2017
37119,2332,0.26,2017
37121,8,0.36,2017
37123,18,0.41,2017
37125,108,0.34,2017
37127,53,0.26,2017
37129,284,0.38,2017
37131,6,0.12,2017
37133,159,0.3,2017
37135,1185,0.29,2017
37137,1,0.98,2017
37139,13,0.04,2017
37141,38,0.25,2017
37143,3,0.29,2017
37145,44,0.46,2017
37147,272,0.25,2017
37149,13,0.26,2017
37151,74,0.35,2017
37153,21,0.31,2017
37155,82,0.34,2017
37157,48,0.25,2017
37159,126,0.33,2017
37161,40,0.41,2017
37163,28,0.29,2017
37165,12,0.23,2017
37167,32,0.53,2017
37169,36,0.42,2017
37171,41,0.35,2017
37173,20,0.07,2017
37175,18,0.31,2017
37177,4,0.18,2017
37179,304,0.33,2017
37181,17,0.35,2017
37183,2411,0.3,2017
37185,3,0.25,2017
37187,4,-0.24,2017
37189,254,0.34,2017
37191,51,0.27,2017
37193,32,0.41,2017
37195,26,0.28,2017
37197,20,0.55,2017
37199,10,0.32,2017
38001,1,0.93,2017
38003,10,0.48,2017
38005,2,0.02,2017
38009,2,0.55,2017
38011,2,0.06,2017
38013,2,0.37,2017
38015,57,0.41,2017
38017,238,0.35,2017
38019,2,0.84,2017
38021,4,0.43,2017
38025,1,0.16,2017
38027,1,0.51,2017
38035,176,0.4,2017
38037,1,0.7,2017
38045,2,0.01,2017
38047,4,0.89,2017
38049,3,0.29,2017
38053,1,0.83,2017
38055,2,0.32,2017
38057,1,-0.49,2017
38059,10,0.46,2017
38061,4,0.23,2017
38067,1,0.33,2017
38069,1,0.8,2017
38071,1,0.37,2017
38073,1,0.21,2017
38075,3,0.41,2017
38077,9,0.38,2017
38079,2,0.09,2017
38089,12,0.41,2017
38093,10,0.55,2017
38097,1,0.62,2017
38099,2,0.23,2017
38101,31,0.42,2017
38103,1,0.5,2017
38105,13,0.43,2017
39001,11,0.32,2017
39003,58,0.3,2017
39005,29,0.41,2017
39007,52,0.32,2017
39009,255,0.32,2017
39011,23,0.48,2017
39013,20,0.42,2017
39015,18,0.41,2017
39017,801,0.33,2017
39019,46,0.35,2017
39021,17,0.19,2017
39023,88,0.37,2017
39025,353,0.37,2017
39027,32,0.38,2017
39029,100,0.41,2017
39031,19,0.37,2017
39033,11,0.12,2017
39035,2094,0.29,2017
39037,25,0.5,2017
39039,24,0.3,2017
39041,563,0.37,2017
39043,73,0.35,2017
39045,229,0.35,2017
39047,16,0.3,2017
39049,3798,0.3,2017
39051,36,0.41,2017
39053,15,0.28,2017
39055,87,0.36,2017
39057,286,0.33,2017
39059,16,0.15,2017
39061,2366,0.29,2017
39063,61,0.36,2017
39065,23,0.38,2017
39067,3,0.17,2017
39069,12,0.57,2017
39071,16,0.38,2017
39073,11,0.45,2017
39075,19,0.34,2017
39077,38,0.46,2017
39079,32,0.38,2017
39081,23,0.33,2017
39083,99,0.34,2017
39085,233,0.38,2017
39087,35,0.43,2017
39089,277,0.35,2017
39091,29,0.45,2017
39093,293,0.31,2017
39095,629,0.35,2017
39097,68,0.37,2017
39099,112,0.26,2017
39101,38,0.29,2017
39103,210,0.4,2017
39105,14,0.54,2017
39107,17,0.3,2017
39109,140,0.36,2017
39111,6,0.27,2017
39113,756,0.32,2017
39115,3,0.03,2017
39117,17,0.26,2017
39119,91,0.38,2017
39121,8,0.53,2017
39123,36,0.39,2017
39125,13,0.48,2017
39127,25,0.5,2017
39129,88,0.46,2017
39131,11,0.33,2017
39133,286,0.3,2017
39135,35,0.48,2017
39137,50,0.46,2017
39139,62,0.35,2017
39141,98,0.31,2017
39143,62,0.43,2017
39145,38,0.36,2017
39147,67,0.41,2017
39149,28,0.36,2017
39151,305,0.36,2017
39153,950,0.34,2017
39155,85,0.31,2017
39157,39,0.38,2017
39159,36,0.38,2017
39161,22,0.47,2017
39163,7,0.46,2017
39165,503,0.35,2017
39167,36,0.3,2017
39169,104,0.41,2017
39171,17,0.46,2017
39173,428,0.33,2017
39175,15,0.34,2017
40001,7,0.31,2017
40003,1,1.1,2017
40007,2,0.45,2017
40009,2,0.28,2017
40013,5,0.23,2017
40015,5,0.73,2017
40017,62,0.34,2017
40019,5,0.18,2017
40021,31,0.38,2017
40023,1,0.1,2017
40025,1,0.56,2017
40027,445,0.26,2017
40031,31,0.15,2017
40033,2,0.32,2017
40035,2,0.3,2017
40037,22,0.19,2017
40039,4,0.41,2017
40041,3,0.54,2017
40043,1,-0.15,2017
40047,11,0.39,2017
40049,5,0.39,2017
40051,11,0.43,2017
40053,1,0.66,2017
40065,4,0.74,2017
40069,3,0.33,2017
40071,6,0.41,2017
40073,5,0.34,2017
40075,1,0.62,2017
40079,9,0.39,2017
40081,10,0.22,2017
40083,8,0.58,2017
40087,10,0.43,2017
40089,6,0.46,2017
40091,4,0.31,2017
40093,2,0.29,2017
40095,1,0.09,2017
40097,3,0.03,2017
40099,4,0.14,2017
40101,24,0.3,2017
40103,5,0.45,2017
40105,2,0.68,2017
40107,1,-0.03,2017
40109,618,0.28,2017
40111,12,0.26,2017
40113,12,0.47,2017
40115,9,0.17,2017
40117,5,0.38,2017
40119,148,0.32,2017
40121,4,0.45,2017
40123,5,0.7,2017
40125,15,0.24,2017
40131,24,0.5,2017
40133,4,0.29,2017
40135,13,0.27,2017
40137,3,0.65,2017
40139,3,0.87,2017
40141,1,0.54,2017
40143,776,0.27,2017
40145,40,0.44,2017
40147,25,0.33,2017
40149,2,0.76,2017
40151,4,0.29,2017
40153,5,0.36,2017
41001,8,0.08,2017
41003,481,0.31,2017
41005,602,0.29,2017
41007,56,0.38,2017
41009,41,0.34,2017
41011,30,0.32,2017
41013,10,0.44,2017
41015,9,0.37,2017
41017,175,0.33,2017
41019,64,0.31,2017
41025,1,0.48,2017
41027,26,0.21,2017
41029,285,0.26,2017
41031,17,0.33,2017
41033,137,0.31,2017
41035,38,0.34,2017
41037,6,0.43,2017
41039,886,0.25,2017
41041,35,0.25,2017
41043,128,0.32,2017
41045,14,0.13,2017
41047,452,0.32,2017
41049,2,0.38,2017
41051,2829,0.22,2017
41053,124,0.3,2017
41055,1,0.03,2017
41057,7,0.47,2017
41059,50,0.21,2017
41061,25,0.32,2017
41063,6,0.54,2017
41065,14,0.31,2017
41067,1219,0.27,2017
41069,1,-0.01,2017
41071,119,0.36,2017
42001,119,0.4,2017
42003,2355,0.3,2017
42005,25,0.51,2017
42007,100,0.39,2017
42009,18,0.48,2017
42011,421,0.37,2017
42013,62,0.4,2017
42015,21,0.23,2017
42017,907,0.37,2017
42019,203,0.42,2017
42021,76,0.44,2017
42023,1,0.28,2017
42025,37,0.43,2017
42027,485,0.34,2017
42029,707,0.36,2017
42031,45,0.39,2017
42033,37,0.39,2017
42035,34,0.26,2017
42037,53,0.25,2017
42039,53,0.33,2017
42041,460,0.35,2017
42043,305,0.29,2017
42045,1139,0.33,2017
42047,12,0.32,2017
42049,216,0.35,2017
42051,43,0.39,2017
42053,2,-0.08,2017
42055,96,0.34,2017
42057,6,0.38,2017
42059,9,0.45,2017
42061,15,0.27,2017
42063,91,0.31,2017
42065,30,0.32,2017
42067,9,0.36,2017
42069,158,0.37,2017
42071,720,0.35,2017
42073,52,0.34,2017
42075,89,0.4,2017
42077,358,0.36,2017
42079,130,0.37,2017
42081,53,0.39,2017
42083,15,0.38,2017
42085,94,0.36,2017
42087,9,0.28,2017
42089,124,0.26,2017
42091,1353,0.34,2017
42093,19,0.48,2017
42095,352,0.35,2017
42097,29,0.39,2017
42099,17,0.32,2017
42101,4064,0.25,2017
42103,96,0.42,2017
42105,4,0.41,2017
42107,65,0.35,2017
42109,33,0.31,2017
42111,17,0.61,2017
42113,4,0.12,2017
42115,21,0.39,2017
42117,15,0.41,2017
42119,67,0.24,2017
42121,29,0.28,2017
42123,16,0.43,2017
42125,114,0.38,2017
42127,20,0.41,2017
42129,286,0.38,2017
42131,14,0.46,2017
42133,339,0.36,2017
44001,166,0.38,2017
44003,218,0.41,2017
44005,108,0.39,2017
44007,985,0.3,2017
44009,199,0.31,2017
45001,6,0.49,2017
45003,314,0.28,2017
45005,4,0.12,2017
45007,63,0.24,2017
45009,4,0.47,2017
45011,8,0.22,2017
45013,85,0.39,2017
45015,118,0.31,2017
45017,5,0.39,2017
45019,605,0.33,2017
45021,13,0.21,2017
45023,9,0.3,2017
45025,9,0.27,2017
45027,7,0.23,2017
45029,13,-0.01,2017
45031,32,0.41,2017
45033,6,-0.13,2017
45035,109,0.25,2017
45037,6,0.26,2017
45039,6,0.27,2017
45041,80,0.36,2017
45043,28,0.31,2017
45045,346,0.36,2017
45047,26,0.34,2017
45049,3,0.04,2017
45051,339,0.36,2017
45053,3,0.07,2017
45055,35,0.32,2017
45057,27,0.45,2017
45059,18,0.31,2017
45061,1,0.01,2017
45063,252,0.36,2017
45065,4,0.22,2017
45067,9,0.22,2017
45069,3,-0.02,2017
45071,26,0.29,2017
45073,27,0.41,2017
45075,18,0.05,2017
45077,89,0.42,2017
45079,602,0.28,2017
45081,1,0.4,2017
45083,190,0.28,2017
45085,41,0.14,2017
45087,11,0.33,2017
45089,14,0.21,2017
45091,211,0.28,2017
46003,1,0.06,2017
46005,5,0.45,2017
46007,2,0.46,2017
46009,3,0.72,2017
46011,151,0.35,2017
46013,32,0.42,2017
46017,1,0.01,2017
46019,7,0.42,2017
46023,2,0.66,2017
46027,59,0.37,2017
46029,13,0.57,2017
46033,4,0.26,2017
46035,15,0.43,2017
46037,1,0.05,2017
46039,1,0.76,2017
46041,1,0.15,2017
46043,1,1.01,2017
46047,8,0.38,2017
46051,3,0.53,2017
46053,1,0.25,2017
46055,3,0.44,2017
46059,1,0.81,2017
46065,37,0.41,2017
46067,2,0.84,2017
46071,4,-0.02,2017
46077,1,0.58,2017
46079,21,0.44,2017
46081,54,0.35,2017
46083,14,0.31,2017
46085,5,0.6,2017
46087,2,0.28,2017
46093,15,0.38,2017
46097,1,0.25,2017
46099,274,0.34,2017
46101,7,0.52,2017
46103,101,0.34,2017
46105,1,0.83,2017
46109,2,0.6,2017
46111,1,0.54,2017
46113,8,0.29,2017
46115,3,0.56,2017
46117,5,0.09,2017
46121,5,0.35,2017
46123,2,0.77,2017
46125,4,0.39,2017
46127,22,0.56,2017
46135,8,0.26,2017
46137,2,0.25,2017
47001,36,0.31,2017
47003,7,0.51,2017
47007,2,0.04,2017
47009,117,0.43,2017
47011,126,0.34,2017
47013,10,0.39,2017
47015,5,0.52,2017
47017,5,0.44,2017
47019,41,0.34,2017
47021,13,0.37,2017
47023,9,0.07,2017
47025,56,0.3,2017
47027,1,0.0,2017
47029,6,0.45,2017
47031,13,0.4,2017
47033,2,0.46,2017
47035,6,0.31,2017
47037,1204,0.25,2017
47039,1,0.13,2017
47041,6,0.14,2017
47043,49,0.37,2017
47045,11,0.21,2017
47047,7,0.3,2017
47049,5,0.28,2017
47051,25,0.27,2017
47053,15,0.4,2017
47055,3,0.54,2017
47057,2,0.64,2017
47059,22,0.27,2017
47061,4,0.18,2017
47063,22,0.34,2017
47065,220,0.3,2017
47067,1,0.55,2017
47069,5,0.24,2017
47071,2,0.14,2017
47073,24,0.29,2017
47075,4,0.51,2017
47077,4,0.46,2017
47079,7,0.37,2017
47081,19,0.42,2017
47085,2,0.3,2017
47089,25,0.38,2017
47091,5,0.57,2017
47093,735,0.35,2017
47095,2,0.69,2017
47097,4,0.17,2017
47099,5,0.65,2017
47103,7,0.54,2017
47105,15,0.36,2017
47107,14,0.34,2017
47109,1,0.36,2017
47111,5,0.48,2017
47113,30,0.25,2017
47115,5,0.49,2017
47117,4,0.34,2017
47119,45,0.45,2017
47121,1,0.4,2017
47123,10,0.39,2017
47125,86,0.19,2017
47129,7,0.58,2017
47131,4,0.33,2017
47133,6,0.63,2017
47135,2,0.48,2017
47137,1,-0.19,2017
47139,5,0.49,2017
47141,38,0.19,2017
47143,2,0.18,2017
47145,15,0.39,2017
47147,25,0.37,2017
47149,246,0.27,2017
47151,2,0.73,2017
47153,1,-0.09,2017
47155,36,0.31,2017
47157,648,0.26,2017
47159,4,0.45,2017
47161,2,0.43,2017
47163,75,0.3,2017
47165,81,0.36,2017
47167,11,0.4,2017
47169,1,0.47,2017
47171,24,0.32,2017
47173,8,0.27,2017
47175,2,0.46,2017
47177,3,0.42,2017
47179,154,0.31,2017
47181,1,0.02,2017
47183,10,0.79,2017
47185,3,0.6,2017
47187,243,0.35,2017
47189,70,0.41,2017
48001,8,0.47,2017
48003,10,0.62,2017
48005,16,0.35,2017
48007,4,0.52,2017
48009,1,-0.12,2017
48011,1,0.63,2017
48013,5,0.43,2017
48015,7,0.44,2017
48017,5,0.04,2017
48019,4,0.64,2017
48021,53,0.31,2017
48025,3,0.45,2017
48027,150,0.24,2017
48029,1271,0.29,2017
48031,3,0.53,2017
48035,1,0.01,2017
48037,20,0.24,2017
48039,176,0.22,2017
48041,495,0.38,2017
48043,9,0.12,2017
48045,1,0.63,2017
48049,15,0.34,2017
48051,8,0.45,2017
48053,7,0.17,2017
48055,13,0.16,2017
48057,2,0.68,2017
48061,151,0.36,2017
48063,11,0.31,2017
48065,1,0.3,2017
48067,7,0.43,2017
48071,28,0.43,2017
48073,4,0.3,2017
48075,2,0.64,2017
48077,1,0.84,2017
48079,3,0.17,2017
48083,3,0.05,2017
48085,719,0.32,2017
48089,1,0.28,2017
48091,70,0.34,2017
48093,2,0.28,2017
48097,7,0.59,2017
48099,16,0.35,2017
48103,2,0.21,2017
48107,7,0.39,2017
48111,3,0.66,2017
48113,2340,0.27,2017
48115,3,0.53,2017
48117,7,0.24,2017
48119,2,-0.34,2017
48121,839,0.3,2017
48123,1,0.04,2017
48125,1,-0.43,2017
48127,1,0.15,2017
48133,2,-0.32,2017
48135,165,0.33,2017
48139,75,0.26,2017
48141,398,0.26,2017
48143,30,0.28,2017
48145,6,0.06,2017
48147,6,0.28,2017
48149,4,0.66,2017
48151,1,0.17,2017
48153,4,-0.02,2017
48155,1,0.66,2017
48157,564,0.27,2017
48159,6,0.48,2017
48161,1,0.06,2017
48163,1,0.56,2017
48165,4,0.22,2017
48167,180,0.28,2017
48169,8,0.47,2017
48171,1,-0.25,2017
48175,2,0.26,2017
48177,6,0.14,2017
48179,3,0.64,2017
48181,39,0.28,2017
48183,102,0.23,2017
48185,4,0.39,2017
48187,68,0.31,2017
48189,11,0.46,2017
48191,1,0.04,2017
48195,2,-0.19,2017
48197,2,0.69,2017
48199,21,0.39,2017
48201,3253,0.26,2017
48203,16,0.28,2017
48207,3,-0.15,2017
48209,342,0.3,2017
48211,4,0.55,2017
48213,19,0.41,2017
48215,300,0.33,2017
48217,23,0.23,2017
48219,34,0.3,2017
48221,10,0.42,2017
48223,9,0.33,2017
48225,1,0.48,2017
48227,7,0.32,2017
48231,23,0.24,2017
48233,4,0.52,2017
48235,1,0.79,2017
48237,1,1.06,2017
48239,2,-0.42,2017
48241,3,0.74,2017
48243,2,0.3,2017
48245,98,0.23,2017
48249,5,0.71,2017
48251,126,0.27,2017
48253,2,0.43,2017
48255,2,0.09,2017
48257,46,0.33,2017
48259,23,0.3,2017
48265,12,0.16,2017
48273,5,0.09,2017
48277,6,0.77,2017
48279,7,0.23,2017
48281,12,0.39,2017
48283,2,0.97,2017
48285,1,-0.07,2017
48287,7,0.25,2017
48289,7,0.6,2017
48291,13,0.18,2017
48293,4,0.1,2017
48297,3,0.29,2017
48299,2,0.56,2017
48303,568,0.35,2017
48305,2,0.3,2017
48309,221,0.34,2017
48313,3,0.45,2017
48317,2,0.6,2017
48321,3,-0.21,2017
48323,7,0.47,2017
48325,17,0.41,2017
48329,118,0.33,2017
48331,3,0.5,2017
48335,2,0.2,2017
48337,2,0.59,2017
48339,252,0.33,2017
48341,3,0.43,2017
48343,3,0.31,2017
48347,26,0.36,2017
48349,3,0.33,2017
48353,1,0.17,2017
48355,95,0.3,2017
48357,2,0.48,2017
48361,13,0.35,2017
48363,3,0.68,2017
48365,2,0.19,2017
48367,48,0.33,2017
48369,4,0.38,2017
48371,5,0.57,2017
48373,6,0.27,2017
48375,41,0.34,2017
48377,1,0.22,2017
48379,2,0.38,2017
48381,112,0.35,2017
48387,2,0.39,2017
48389,4,0.4,2017
48391,1,0.31,2017
48395,4,0.6,2017
48397,54,0.31,2017
48399,1,0.71,2017
48401,4,0.54,2017
48403,1,0.53,2017
48407,2,0.06,2017
48409,6,0.15,2017
48411,1,0.35,2017
48415,4,0.69,2017
48417,1,0.08,2017
48419,6,0.02,2017
48423,67,0.35,2017
48425,2,0.06,2017
48427,25,0.28,2017
48433,1,0.13,2017
48435,2,0.57,2017
48437,3,-0.03,2017
48439,1699,0.28,2017
48441,131,0.27,2017
48445,11,0.41,2017
48449,29,0.38,2017
48451,65,0.25,2017
48453,2173,0.28,2017
48457,7,0.52,2017
48459,11,0.64,2017
48461,3,0.45,2017
48463,4,-0.06,2017
48465,25,0.37,2017
48467,39,0.41,2017
48469,27,0.35,2017
48471,31,0.21,2017
48473,43,-0.06,2017
48475,4,0.62,2017
48477,5,0.26,2017
48479,136,0.34,2017
48481,6,0.47,2017
48483,1,-0.23,2017
48485,29,0.16,2017
48487,1,0.81,2017
48489,1,0.43,2017
48491,582,0.32,2017
48493,21,0.53,2017
48495,1,0.71,2017
48497,22,0.41,2017
48499,16,0.36,2017
48501,3,0.39,2017
48503,8,0.48,2017
48505,4,0.24,2017
49003,15,0.34,2017
49005,555,0.33,2017
49007,13,0.34,2017
49011,343,0.3,2017
49013,6,0.35,2017
49015,1,0.64,2017
49017,1,0.26,2017
49019,9,0.29,2017
49021,63,0.38,2017
49023,2,0.62,2017
49025,3,0.59,2017
49027,3,0.61,2017
49029,7,0.32,2017
49033,3,0.33,2017
49035,1695,0.3,2017
49037,7,0.41,2017
49039,8,0.21,2017
49041,2,0.52,2017
49043,102,0.33,2017
49045,92,0.39,2017
49047,1,0.02,2017
49049,1020,0.35,2017
49051,21,0.51,2017
49053,62,0.42,2017
49055,3,0.11,2017
49057,170,0.38,2017
50001,113,0.36,2017
50003,71,0.37,2017
50005,80,0.34,2017
50007,1018,0.3,2017
50009,8,0.47,2017
50011,74,0.39,2017
50013,9,0.46,2017
50015,69,0.34,2017
50017,70,0.36,2017
50019,57,0.32,2017
50021,115,0.38,2017
50023,222,0.28,2017
50025,117,0.24,2017
50027,152,0.3,2017
51001,21,0.23,2017
51003,306,0.32,2017
51005,1,0.42,2017
51007,10,0.26,2017
51009,54,0.5,2017
51011,10,0.31,2017
51013,826,0.3,2017
51015,24,0.41,2017
51019,50,0.33,2017
51021,2,0.19,2017
51023,46,0.41,2017
51025,5,0.47,2017
51027,6,0.39,2017
51029,5,0.31,2017
51031,18,0.3,2017
51033,21,0.25,2017
51035,2,0.43,2017
51036,1,0.51,2017
51037,11,0.4,2017
51041,444,0.27,2017
51043,16,0.19,2017
51045,2,0.36,2017
51047,26,0.18,2017
51049,2,0.13,2017
51051,4,0.65,2017
51053,7,0.4,2017
51057,10,0.52,2017
51059,1855,0.32,2017
51061,91,0.38,2017
51063,7,0.11,2017
51065,24,0.43,2017
51067,24,0.26,2017
51069,68,0.38,2017
51071,22,0.16,2017
51073,22,0.33,2017
51075,73,0.32,2017
51077,3,0.44,2017
51079,12,0.33,2017
51083,14,0.26,2017
51085,233,0.34,2017
51087,440,0.27,2017
51089,16,0.41,2017
51093,26,0.38,2017
51095,245,0.35,2017
51097,3,0.44,2017
51099,26,0.31,2017
51101,10,0.35,2017
51103,11,-0.0,2017
51105,11,0.47,2017
51107,610,0.33,2017
51109,11,0.4,2017
51111,5,0.34,2017
51113,9,0.37,2017
51115,3,0.64,2017
51117,13,0.05,2017
51119,6,0.06,2017
51121,493,0.38,2017
51125,23,0.24,2017
51127,20,0.39,2017
51131,8,0.54,2017
51133,6,0.3,2017
51135,7,0.18,2017
51137,47,0.29,2017
51139,13,0.32,2017
51141,26,0.33,2017
51143,24,0.22,2017
51145,20,0.42,2017
51147,30,0.34,2017
51149,18,0.26,2017
51153,429,0.22,2017
51155,12,0.52,2017
51157,9,0.27,2017
51159,3,0.89,2017
51161,89,0.41,2017
51163,3,0.31,2017
51165,99,0.41,2017
51167,5,0.32,2017
51169,8,0.35,2017
51171,17,0.36,2017
51173,9,0.43,2017
51175,7,0.34,2017
51177,154,0.32,2017
51179,171,0.25,2017
51181,6,0.37,2017
51183,1,-0.05,2017
51185,16,0.35,2017
51187,23,0.16,2017
51191,12,0.19,2017
51193,6,0.29,2017
51195,11,0.28,2017
51197,10,0.3,2017
51199,58,0.35,2017
51510,398,0.3,2017
51520,16,0.4,2017
51530,4,0.29,2017
51540,702,0.27,2017
51550,250,0.24,2017
51570,13,0.11,2017
51580,5,0.64,2017
51590,102,0.3,2017
51595,3,0.35,2017
51600,226,0.28,2017
51610,58,0.23,2017
51620,2,0.64,2017
51630,83,0.28,2017
51640,6,0.45,2017
51650,112,0.18,2017
51660,298,0.32,2017
51670,9,0.2,2017
51678,25,0.27,2017
51680,183,0.36,2017
51683,88,0.33,2017
51685,61,0.22,2017
51690,16,0.19,2017
51700,157,0.25,2017
51710,188,0.26,2017
51720,1,-0.1,2017
51730,20,0.07,2017
51735,18,0.44,2017
51740,89,0.25,2017
51750,84,0.29,2017
51760,606,0.24,2017
51770,78,0.3,2017
51775,28,0.33,2017
51790,28,0.25,2017
51800,56,0.2,2017
51810,353,0.33,2017
51820,15,0.42,2017
51830,7,0.24,2017
51840,47,0.28,2017
53001,8,0.29,2017
53003,6,0.16,2017
53005,194,0.27,2017
53007,75,0.21,2017
53009,34,0.28,2017
53011,940,0.31,2017
53013,1,0.05,2017
53015,158,0.35,2017
53017,22,0.18,2017
53019,1,0.74,2017
53021,79,0.3,2017
53025,48,0.35,2017
53027,36,0.44,2017
53029,77,0.23,2017
53031,28,0.19,2017
53033,7712,0.27,2017
53035,298,0.29,2017
53037,177,0.25,2017
53039,16,0.46,2017
53041,41,0.23,2017
53043,6,0.44,2017
53045,36,0.4,2017
53047,21,0.37,2017
53049,7,0.21,2017
53051,7,0.8,2017
53053,1241,0.24,2017
53055,14,0.22,2017
53057,183,0.31,2017
53059,40,0.26,2017
53061,969,0.28,2017
53063,1177,0.3,2017
53065,20,0.41,2017
53067,631,0.24,2017
53069,7,0.17,2017
53071,77,0.21,2017
53073,434,0.29,2017
53075,131,0.3,2017
53077,229,0.26,2017
54001,3,0.52,2017
54003,65,0.31,2017
54005,12,0.51,2017
54007,4,0.24,2017
54009,13,0.4,2017
54011,98,0.25,2017
54017,3,0.16,2017
54019,16,0.36,2017
54021,2,0.09,2017
54023,3,-0.02,2017
54025,10,0.41,2017
54027,5,0.44,2017
54029,27,0.5,2017
54031,4,0.26,2017
54033,25,0.29,2017
54035,14,0.46,2017
54037,64,0.35,2017
54039,152,0.31,2017
54043,3,0.01,2017
54045,8,0.45,2017
54047,11,0.12,2017
54049,29,0.35,2017
54051,11,0.56,2017
54053,4,0.18,2017
54055,12,0.41,2017
54057,6,0.28,2017
54059,4,0.57,2017
54061,178,0.29,2017
54063,34,0.44,2017
54065,7,0.2,2017
54067,8,0.09,2017
54069,62,0.46,2017
54071,5,0.51,2017
54073,2,0.44,2017
54075,5,0.21,2017
54077,10,0.21,2017
54079,39,0.44,2017
54081,33,0.34,2017
54083,14,0.36,2017
54085,4,0.38,2017
54087,4,0.24,2017
54089,2,0.44,2017
54095,2,0.37,2017
54097,33,0.41,2017
54099,21,0.16,2017
54101,5,-0.02,2017
54103,2,0.37,2017
54105,2,0.04,2017
54107,26,0.46,2017
54109,2,0.7,2017
55001,7,0.2,2017
55003,12,0.27,2017
55005,50,0.43,2017
55007,11,0.46,2017
55009,692,0.37,2017
55011,12,0.42,2017
55013,9,0.57,2017
55015,19,0.49,2017
55017,39,0.33,2017
55019,20,0.32,2017
55021,106,0.43,2017
55023,18,0.56,2017
55025,3041,0.32,2017
55027,135,0.36,2017
55029,53,0.3,2017
55031,51,0.33,2017
55033,89,0.44,2017
55035,249,0.3,2017
55037,1,0.55,2017
55039,143,0.42,2017
55041,1,0.81,2017
55043,75,0.36,2017
55045,65,0.43,2017
55047,16,0.32,2017
55049,26,0.29,2017
55051,4,0.68,2017
55053,22,0.5,2017
55055,172,0.38,2017
55057,53,0.47,2017
55059,307,0.38,2017
55061,50,0.43,2017
55063,596,0.37,2017
55065,25,0.32,2017
55067,11,0.21,2017
55069,16,0.53,2017
55071,59,0.39,2017
55073,118,0.31,2017
55075,31,0.32,2017
55077,19,0.42,2017
55078,5,0.4,2017
55079,2017,0.29,2017
55081,25,0.25,2017
55083,24,0.6,2017
55085,24,0.46,2017
55087,471,0.39,2017
55089,200,0.38,2017
55091,2,-0.1,2017
55093,82,0.35,2017
55095,47,0.48,2017
55097,185,0.34,2017
55099,8,0.5,2017
55101,339,0.37,2017
55103,11,0.54,2017
55105,341,0.36,2017
55107,9,0.32,2017
55109,102,0.4,2017
55111,71,0.41,2017
55113,55,0.37,2017
55115,81,0.4,2017
55117,178,0.37,2017
55119,8,0.32,2017
55121,51,0.45,2017
55123,44,0.36,2017
55125,82,0.36,2017
55127,258,0.39,2017
55129,14,0.34,2017
55131,347,0.42,2017
55133,755,0.4,2017
55135,61,0.43,2017
55137,26,0.39,2017
55139,526,0.4,2017
55141,83,0.33,2017
56001,53,0.35,2017
56003,2,0.32,2017
56005,25,0.39,2017
56007,3,0.43,2017
56009,2,-0.39,2017
56011,1,0.1,2017
56013,21,0.3,2017
56015,2,0.46,2017
56017,1,0.08,2017
56019,2,0.16,2017
56021,45,0.38,2017
56023,3,0.42,2017
56025,42,0.31,2017
56029,10,0.35,2017
56031,5,0.41,2017
56033,19,0.16,2017
56035,2,-0.28,2017
56037,37,0.31,2017
56039,25,0.25,2017
56041,8,0.28,2017
56043,5,0.19,2017
56045,2,0.86,2017
