fips,count,avgScore
01001,161,0.32
01003,966,0.3
01005,45,0.28
01007,45,0.28
01009,96,0.32
01011,17,0.09
01013,28,0.17
01015,425,0.26
01017,84,0.22
01019,46,0.24
01021,76,0.3
01023,19,0.32
01025,56,0.13
01027,20,0.38
01029,21,0.42
01031,124,0.34
01033,105,0.36
01035,14,0.25
01037,6,0.62
01039,102,0.26
01041,23,0.35
01043,168,0.35
01045,137,0.28
01047,59,0.04
01049,96,0.32
01051,197,0.23
01053,67,0.26
01055,199,0.26
01057,20,0.3
01059,51,0.36
01061,46,0.28
01063,7,0.02
01065,35,0.08
01067,48,0.25
01069,368,0.23
01071,82,0.29
01073,5627,0.23
01075,14,0.42
01077,250,0.29
01079,33,0.25
01081,2098,0.28
01083,347,0.26
01085,7,0.24
01087,33,0.08
01089,1616,0.24
01091,46,0.12
01093,45,0.42
01095,243,0.38
01097,2380,0.2
01099,40,0.22
01101,911,0.16
01103,337,0.28
01105,14,0.09
01107,31,0.09
01109,224,0.22
01111,131,0.25
01113,177,0.2
01115,282,0.3
01117,1631,0.29
01119,37,0.11
01121,136,0.16
01123,74,0.26
01125,1500,0.25
01127,174,0.32
01129,44,0.28
01131,16,0.14
01133,38,0.45
02013,8,0.13
02016,2,0.3
02020,1830,0.24
02050,90,0.23
02060,9,0.22
02068,17,0.14
02070,15,0.31
02090,642,0.24
02100,15,0.46
02110,241,0.24
02122,170,0.26
02130,62,0.24
02150,42,0.29
02164,11,0.16
02170,340,0.28
02180,31,0.23
02185,13,0.28
02188,3,0.71
02201,16,0.38
02220,42,0.27
02232,22,0.41
02240,8,0.25
02261,21,0.32
02270,10,-0.06
02280,26,0.32
02282,1,0.52
02290,21,0.16
04001,80,0.22
04003,368,0.28
04005,1360,0.24
04007,69,0.28
04009,50,0.3
04011,13,0.25
04012,23,0.33
04013,26986,0.25
04015,350,0.32
04017,155,0.3
04019,6184,0.22
04021,922,0.25
04023,110,0.26
04025,726,0.27
04027,691,0.28
05001,48,0.21
05003,28,0.21
05005,66,0.44
05007,2288,0.28
05009,69,0.27
05011,13,0.27
05013,5,-0.2
05015,62,0.4
05017,7,0.07
05019,112,0.28
05021,31,0.39
05023,49,0.4
05025,14,0.38
05027,27,0.43
05029,55,0.22
05031,747,0.25
05033,193,0.3
05035,145,0.17
05037,37,0.17
05039,6,0.36
05041,23,0.15
05043,31,0.23
05045,998,0.27
05047,22,0.32
05049,20,0.36
05051,291,0.3
05053,21,0.38
05055,106,0.34
05057,64,0.21
05059,92,0.29
05061,22,0.24
05063,130,0.38
05065,31,0.42
05067,33,0.36
05069,120,0.15
05071,51,0.24
05073,13,0.13
05075,32,0.34
05077,12,-0.0
05079,13,0.09
05081,10,0.25
05083,27,0.34
05085,304,0.29
05087,34,0.36
05089,22,0.37
05091,79,0.35
05093,114,0.17
05095,14,0.22
05097,5,0.22
05099,13,0.42
05101,7,0.33
05103,39,0.28
05105,28,0.24
05107,39,0.1
05109,15,0.46
05111,52,0.3
05113,22,0.21
05115,268,0.29
05117,12,0.49
05119,2984,0.22
05121,28,0.28
05123,140,-0.02
05125,388,0.28
05127,14,0.19
05129,5,0.17
05131,681,0.29
05133,28,0.34
05135,28,0.31
05137,21,0.22
05139,92,0.29
05141,29,0.28
05143,4017,0.26
05145,410,0.3
05147,27,0.41
05149,33,0.3
06001,22872,0.18
06003,4,0.73
06005,200,0.33
06007,2737,0.24
06009,164,0.34
06011,83,0.29
06013,12524,0.23
06015,90,0.27
06017,1950,0.3
06019,7562,0.22
06021,107,0.26
06023,1674,0.2
06025,814,0.29
06027,132,0.2
06029,3870,0.22
06031,745,0.21
06033,250,0.3
06035,102,0.31
06037,82712,0.21
06039,665,0.24
06041,4199,0.28
06043,60,0.13
06045,517,0.27
06047,1606,0.21
06049,24,0.44
06051,99,0.12
06053,2721,0.2
06055,1043,0.21
06057,1145,0.26
06059,22498,0.27
06061,5397,0.27
06063,106,0.29
06065,13380,0.21
06067,21567,0.22
06069,292,0.26
06071,12256,0.22
06073,34240,0.24
06075,15137,0.22
06077,4534,0.21
06079,3947,0.27
06081,10473,0.26
06083,3758,0.23
06085,20700,0.24
06087,2796,0.22
06089,1034,0.28
06091,19,0.19
06093,199,0.26
06095,3803,0.19
06097,5119,0.23
06099,3142,0.24
06101,588,0.28
06103,272,0.3
06105,46,0.31
06107,2197,0.24
06109,182,0.24
06111,5878,0.25
06113,4128,0.21
06115,506,0.25
08001,4994,0.21
08003,236,0.29
08005,7499,0.22
08007,41,0.29
08009,6,0.12
08011,8,0.09
08013,6242,0.26
08014,1416,0.25
08015,163,0.23
08017,2,0.06
08019,33,0.27
08021,28,0.27
08023,12,0.21
08025,11,0.4
08027,7,0.42
08029,94,0.24
08031,14997,0.2
08033,8,0.23
08035,3947,0.31
08037,321,0.24
08039,109,0.29
08041,7470,0.26
08043,192,0.28
08045,396,0.23
08047,29,0.32
08049,101,0.3
08051,274,0.26
08053,4,-0.06
08055,9,0.31
08057,1,0.68
08059,6781,0.26
08061,3,0.44
08063,18,0.27
08065,83,0.25
08067,532,0.23
08069,5340,0.25
08071,36,0.06
08073,13,0.32
08075,71,0.3
08077,771,0.28
08079,6,0.18
08081,28,0.16
08083,131,0.27
08085,121,0.26
08087,91,0.19
08089,85,0.33
08091,34,0.26
08093,70,0.34
08095,12,0.24
08097,155,0.29
08099,39,0.2
08101,849,0.26
08103,17,0.38
08105,55,0.23
08107,168,0.35
08109,36,0.18
08111,6,0.11
08113,115,0.26
08115,5,0.23
08117,276,0.29
08119,177,0.31
08121,14,0.39
08123,2646,0.24
08125,31,0.31
09001,7906,0.3
09003,8471,0.26
09005,1199,0.32
09007,1637,0.31
09009,8022,0.26
09011,2179,0.29
09013,1641,0.31
09015,615,0.29
10001,1409,0.21
10003,7637,0.25
10005,1387,0.29
11001,17181,0.19
12001,5614,0.25
12003,138,0.26
12005,461,0.27
12007,38,0.15
12009,2527,0.27
12011,8049,0.23
12013,11,0.38
12015,391,0.36
12017,233,0.37
12019,872,0.26
12021,1180,0.3
12023,244,0.28
12027,34,0.31
12029,16,0.35
12031,5823,0.23
12033,1097,0.25
12035,450,0.29
12037,21,0.2
12039,128,0.07
12041,32,0.35
12043,14,0.15
12045,25,0.2
12047,22,0.24
12049,27,0.23
12051,115,0.27
12053,358,0.34
12055,147,0.29
12057,9603,0.26
12059,28,0.26
12061,540,0.32
12063,55,0.23
12065,19,0.44
12067,16,0.16
12069,1118,0.29
12071,2433,0.29
12073,2974,0.24
12075,94,0.28
12077,6,0.57
12079,20,0.34
12081,1250,0.32
12083,643,0.26
12085,532,0.32
12086,10634,0.25
12087,189,0.33
12089,362,0.31
12091,832,0.25
12093,75,0.39
12095,10471,0.23
12097,1453,0.21
12099,6658,0.28
12101,2039,0.31
12103,5362,0.3
12105,1958,0.26
12107,138,0.28
12109,1699,0.33
12111,1290,0.28
12113,654,0.35
12115,1263,0.31
12117,2556,0.28
12119,154,0.4
12121,82,0.34
12123,22,0.36
12125,34,0.31
12127,1875,0.28
12129,121,0.23
12131,112,0.32
12133,21,0.45
13001,57,0.35
13003,44,0.22
13005,43,0.51
13007,5,0.32
13009,265,0.24
13011,26,0.43
13013,509,0.25
13015,528,0.27
13017,43,0.28
13019,47,0.27
13021,859,0.22
13023,75,0.37
13025,41,0.28
13027,19,0.31
13029,279,0.3
13031,1473,0.26
13033,377,0.25
13035,107,0.28
13037,12,0.23
13039,205,0.28
13043,22,0.24
13045,883,0.22
13047,167,0.33
13049,25,0.16
13051,1568,0.2
13053,1,0.58
13055,44,0.49
13057,1603,0.29
13059,3326,0.27
13061,3,0.52
13063,854,-0.01
13065,14,0.26
13067,6669,0.21
13069,296,0.24
13071,149,0.29
13073,730,0.24
13075,26,0.2
13077,792,0.26
13079,10,0.13
13081,48,0.23
13083,23,0.29
13085,126,0.3
13087,59,0.28
13089,8437,0.16
13091,39,0.2
13093,19,0.51
13095,244,0.1
13097,997,0.08
13099,19,0.08
13101,1,0.56
13103,246,0.32
13105,41,0.33
13107,48,0.33
13109,16,0.32
13111,60,0.31
13113,1016,0.22
13115,447,0.34
13117,1143,0.33
13119,90,0.36
13121,13950,0.19
13123,63,0.36
13125,9,0.45
13127,409,0.27
13129,144,0.3
13131,48,0.18
13133,68,0.4
13135,7422,0.18
13137,134,0.31
13139,878,0.29
13141,36,0.1
13143,77,0.35
13145,131,0.25
13147,69,0.34
13149,24,0.26
13151,1361,0.1
13153,639,0.18
13155,20,0.18
13157,452,0.31
13159,22,0.4
13161,33,0.43
13163,34,0.19
13165,12,0.02
13167,14,0.35
13169,77,0.37
13171,62,0.26
13173,19,0.27
13175,117,0.31
13177,101,0.29
13179,267,0.16
13181,18,0.41
13183,46,0.27
13185,600,0.16
13187,213,0.36
13189,45,0.35
13191,29,0.26
13193,24,0.29
13195,95,0.22
13197,11,0.31
13199,36,0.06
13201,10,0.4
13205,44,0.23
13207,102,0.28
13209,15,0.45
13211,83,0.36
13213,72,0.32
13215,900,0.2
13217,537,0.17
13219,395,0.32
13221,38,0.2
13223,739,0.22
13225,147,0.11
13227,100,0.38
13229,81,0.41
13231,67,0.33
13233,152,0.31
13235,24,0.32
13237,69,0.3
13239,1,0.41
13241,49,0.31
13243,13,0.32
13245,917,0.17
13247,479,0.02
13249,13,0.32
13251,26,0.29
13253,13,0.27
13255,215,0.21
13257,78,0.28
13259,9,0.14
13261,87,0.15
13263,7,0.3
13265,3,-0.07
13267,60,0.33
13269,24,0.34
13271,30,0.14
13273,8,0.12
13275,166,0.29
13277,150,0.28
13279,60,0.34
13281,31,0.3
13283,7,0.19
13285,272,0.25
13287,16,0.32
13289,17,0.28
13291,67,0.29
13293,71,0.27
13295,228,0.32
13297,231,0.29
13299,149,0.18
13301,12,0.3
13303,52,0.15
13305,75,0.24
13307,4,0.43
13309,5,0.18
13311,134,0.34
13313,373,0.28
13315,16,0.24
13317,35,0.22
13319,27,0.1
13321,37,0.16
15001,600,0.18
15003,3941,0.22
15005,2,0.3
15007,220,0.23
15009,587,0.25
16001,4629,0.28
16003,8,0.32
16005,1162,0.29
16007,13,0.33
16009,19,0.23
16011,187,0.28
16013,247,0.26
16015,32,0.32
16017,236,0.27
16019,624,0.29
16021,18,0.38
16023,8,0.4
16025,3,0.56
16027,987,0.24
16029,19,0.42
16031,101,0.36
16033,1,0.53
16035,19,0.34
16037,15,0.42
16039,137,0.29
16041,59,0.3
16043,44,0.39
16045,49,0.22
16047,37,0.34
16049,17,0.45
16051,96,0.35
16053,45,0.27
16055,659,0.3
16057,626,0.23
16059,20,0.16
16061,13,0.62
16063,15,0.42
16065,905,0.3
16067,91,0.23
16069,147,0.33
16071,12,0.39
16073,39,0.28
16075,42,0.33
16077,46,0.23
16079,25,0.2
16081,58,0.29
16083,373,0.29
16085,51,0.19
16087,21,0.19
17001,327,0.35
17003,10,0.01
17005,116,0.29
17007,431,0.35
17009,13,0.59
17011,120,0.32
17013,11,0.33
17015,60,0.45
17017,60,0.32
17019,3178,0.24
17021,117,0.37
17023,43,0.26
17025,20,0.49
17027,241,0.38
17029,255,0.25
17031,58051,0.23
17033,57,0.25
17035,18,0.26
17037,1085,0.28
17039,54,0.36
17041,65,0.38
17043,11312,0.31
17045,57,0.25
17047,12,0.24
17049,135,0.38
17051,48,0.36
17053,75,0.36
17055,125,0.37
17057,143,0.32
17059,5,0.12
17061,35,0.36
17063,381,0.37
17065,20,0.36
17067,50,0.45
17069,3,0.54
17071,23,0.36
17073,245,0.31
17075,91,0.36
17077,301,0.29
17079,23,0.39
17081,153,0.31
17083,156,0.32
17085,116,0.43
17087,22,0.23
17089,3945,0.3
17091,563,0.32
17093,879,0.3
17095,321,0.29
17097,8196,0.31
17099,462,0.34
17101,33,0.31
17103,138,0.35
17105,100,0.35
17107,169,0.33
17109,333,0.27
17111,3388,0.34
17113,2374,0.3
17115,571,0.26
17117,212,0.34
17119,2988,0.3
17121,98,0.37
17123,25,0.22
17125,56,0.37
17127,31,0.31
17129,99,0.4
17131,59,0.38
17133,225,0.39
17135,122,0.33
17137,195,0.31
17139,42,0.37
17141,310,0.33
17143,1418,0.28
17145,51,0.4
17147,101,0.32
17149,46,0.36
17151,3,0.37
17153,13,0.41
17155,22,0.34
17157,87,0.37
17159,26,0.33
17161,690,0.26
17163,1674,0.23
17165,47,0.4
17167,2578,0.31
17169,24,0.36
17171,23,0.35
17173,138,0.41
17175,48,0.25
17177,284,0.3
17179,640,0.39
17181,39,0.28
17183,301,0.25
17185,34,0.21
17187,63,0.34
17189,37,0.29
17191,84,0.31
17193,33,0.33
17195,223,0.33
17197,5433,0.3
17199,170,0.32
17201,2429,0.32
17203,324,0.36
18001,96,0.41
18003,3025,0.28
18005,779,0.33
18007,42,0.32
18009,24,0.28
18011,957,0.32
18013,71,0.33
18015,69,0.38
18017,123,0.27
18019,879,0.29
18021,67,0.38
18023,125,0.37
18025,35,0.25
18027,131,0.38
18029,262,0.34
18031,85,0.38
18033,142,0.38
18035,1632,0.27
18037,228,0.3
18039,995,0.29
18041,63,0.2
18043,620,0.27
18045,64,0.36
18047,67,0.35
18049,42,0.45
18051,108,0.42
18053,382,0.27
18055,93,0.42
18057,5187,0.31
18059,820,0.33
18061,195,0.35
18063,2181,0.3
18065,177,0.31
18067,519,0.3
18069,253,0.31
18071,178,0.33
18073,110,0.38
18075,54,0.37
18077,140,0.3
18079,72,0.37
18081,1843,0.36
18083,85,0.42
18085,359,0.3
18087,110,0.34
18089,2519,0.24
18091,425,0.29
18093,187,0.35
18095,792,0.33
18097,13502,0.22
18099,227,0.29
18101,40,0.33
18103,140,0.33
18105,3642,0.26
18107,226,0.33
18109,424,0.38
18111,45,0.46
18113,188,0.28
18115,19,0.27
18117,61,0.28
18119,86,0.24
18121,38,0.37
18123,51,0.29
18125,25,0.35
18127,932,0.29
18129,120,0.38
18131,26,0.43
18133,301,0.36
18135,99,0.29
18137,145,0.32
18139,60,0.3
18141,2651,0.28
18143,137,0.33
18145,326,0.33
18147,75,0.3
18149,55,0.35
18151,145,0.36
18153,53,0.26
18155,19,0.45
18157,2569,0.28
18159,75,0.2
18161,37,0.41
18163,1495,0.27
18165,42,0.43
18167,726,0.27
18169,215,0.34
18171,18,0.35
18173,395,0.33
18175,81,0.36
18177,418,0.29
18179,122,0.39
18181,194,0.33
18183,136,0.39
19001,38,0.27
19003,13,0.28
19005,79,0.39
19007,35,0.31
19009,30,0.28
19011,122,0.37
19013,2569,0.3
19015,187,0.31
19017,360,0.31
19019,177,0.33
19021,164,0.26
19023,111,0.33
19025,46,0.42
19027,192,0.34
19029,80,0.26
19031,112,0.35
19033,323,0.34
19035,52,0.35
19037,49,0.3
19039,48,0.44
19041,60,0.35
19043,94,0.35
19045,237,0.29
19047,108,0.24
19049,562,0.32
19051,29,0.46
19053,102,0.33
19055,143,0.4
19057,181,0.36
19059,73,0.31
19061,1306,0.33
19063,32,0.25
19065,77,0.36
19067,98,0.4
19069,48,0.35
19071,44,0.38
19073,50,0.41
19075,92,0.38
19077,48,0.28
19079,75,0.39
19081,47,0.38
19083,89,0.26
19085,76,0.24
19087,133,0.29
19089,35,0.43
19091,63,0.28
19093,32,0.29
19095,123,0.4
19097,78,0.39
19099,222,0.34
19101,102,0.34
19103,6345,0.3
19105,94,0.36
19107,38,0.34
19109,53,0.45
19111,119,0.33
19113,2379,0.3
19115,33,0.51
19117,28,0.33
19119,34,0.31
19121,142,0.3
19123,104,0.32
19125,327,0.32
19127,248,0.25
19129,81,0.35
19131,39,0.4
19133,30,0.46
19135,25,0.34
19137,57,0.44
19139,262,0.3
19141,57,0.43
19143,21,0.52
19145,81,0.34
19147,40,0.26
19149,114,0.33
19151,17,0.26
19153,7416,0.27
19155,566,0.34
19157,285,0.22
19159,15,0.48
19161,37,0.3
19163,1424,0.31
19165,59,0.31
19167,185,0.33
19169,2300,0.3
19171,78,0.24
19173,27,0.27
19175,81,0.33
19177,28,0.31
19179,189,0.25
19181,669,0.3
19183,165,0.35
19185,17,0.39
19187,366,0.29
19189,67,0.26
19191,334,0.27
19193,678,0.28
19195,45,0.38
19197,56,0.3
20001,77,0.31
20003,29,0.22
20005,72,0.28
20007,14,0.26
20009,52,0.35
20011,34,0.35
20013,37,0.16
20015,273,0.3
20017,9,0.51
20019,11,0.28
20021,29,0.35
20023,5,0.05
20025,4,0.3
20027,27,0.24
20029,30,0.23
20031,19,0.59
20033,4,0.51
20035,83,0.26
20037,226,0.26
20039,2,0.75
20041,67,0.31
20043,16,0.33
20045,1719,0.25
20047,7,0.42
20049,2,0.34
20051,257,0.26
20053,31,0.32
20055,92,0.18
20057,65,0.28
20059,84,0.34
20061,347,0.21
20063,7,0.29
20065,9,0.38
20067,9,0.23
20069,17,0.19
20071,3,0.59
20073,7,0.44
20075,3,0.05
20077,11,0.39
20079,296,0.3
20081,6,0.36
20083,5,-0.27
20085,38,0.42
20087,67,0.38
20089,9,0.16
20091,7450,0.31
20093,14,0.16
20095,17,0.41
20097,13,0.24
20099,56,0.19
20101,5,0.01
20103,405,0.26
20105,4,0.5
20107,13,0.34
20109,5,0.04
20111,395,0.25
20113,120,0.34
20115,45,0.32
20117,38,0.3
20119,33,0.26
20121,125,0.35
20123,10,0.35
20125,78,0.26
20127,24,0.32
20129,6,0.64
20131,39,0.35
20133,44,0.26
20135,3,0.31
20137,11,0.23
20139,42,0.32
20141,8,0.5
20143,22,0.19
20145,11,0.25
20147,12,0.25
20149,74,0.29
20151,21,0.36
20153,4,0.47
20155,173,0.27
20157,10,0.4
20159,39,0.34
20161,1167,0.28
20163,6,0.48
20165,8,0.46
20167,19,0.28
20169,639,0.33
20171,10,0.2
20173,2978,0.26
20175,68,0.23
20177,1202,0.25
20179,4,-0.35
20181,23,0.49
20185,13,0.36
20187,10,0.24
20189,9,0.19
20191,143,0.3
20193,47,0.35
20195,6,0.55
20197,20,0.39
20199,1,-0.25
20201,11,0.5
20203,5,0.32
20205,9,0.35
20207,6,0.45
20209,883,0.19
21001,156,0.41
21003,42,0.35
21005,96,0.28
21007,37,0.34
21009,130,0.33
21011,41,0.35
21013,52,0.29
21015,1203,0.29
21017,78,0.36
21019,212,0.33
21021,296,0.25
21023,36,0.41
21025,33,0.49
21027,51,0.3
21029,447,0.34
21031,19,0.39
21033,26,0.2
21035,329,0.26
21037,1070,0.33
21039,9,0.22
21041,30,0.24
21043,96,0.34
21045,43,0.46
21047,282,0.21
21049,157,0.31
21051,53,0.4
21053,16,0.4
21055,17,0.23
21057,11,0.45
21059,615,0.33
21061,12,0.34
21063,9,0.42
21065,40,0.19
21067,4995,0.25
21069,46,0.4
21071,97,0.35
21073,269,0.28
21075,13,0.35
21077,27,0.27
21079,75,0.27
21081,127,0.35
21083,132,0.37
21085,68,0.36
21087,21,0.33
21089,123,0.28
21091,41,0.35
21093,660,0.25
21095,79,0.39
21097,45,0.25
21099,23,0.25
21101,257,0.29
21103,157,0.31
21105,6,0.19
21107,210,0.2
21109,27,0.37
21111,10846,0.24
21113,324,0.31
21115,65,0.37
21117,1653,0.3
21119,35,0.33
21121,73,0.37
21123,28,0.46
21125,138,0.38
21127,36,0.28
21129,13,0.41
21131,32,0.38
21133,56,0.36
21135,36,0.28
21137,62,0.28
21139,22,0.28
21141,57,0.18
21143,19,0.44
21145,457,0.31
21147,25,0.6
21149,37,0.41
21151,985,0.27
21153,32,0.4
21155,62,0.42
21157,98,0.32
21159,20,0.41
21161,76,0.37
21163,72,0.29
21165,19,0.44
21167,128,0.27
21169,31,0.21
21171,17,0.14
21173,141,0.34
21175,29,0.44
21177,64,0.42
21179,172,0.3
21181,19,0.33
21183,58,0.38
21185,833,0.34
21187,21,0.41
21189,11,0.51
21191,52,0.42
21193,116,0.41
21195,226,0.33
21197,27,0.42
21199,206,0.35
21201,5,0.34
21203,30,0.45
21205,235,0.35
21207,60,0.5
21209,348,0.28
21211,251,0.3
21213,36,0.24
21215,86,0.28
21217,140,0.37
21219,43,0.26
21221,58,0.37
21223,27,0.27
21225,56,0.27
21227,1004,0.27
21229,35,0.31
21231,38,0.35
21233,35,0.28
21235,154,0.42
21237,23,0.42
21239,168,0.26
22001,105,0.26
22003,36,0.28
22005,422,0.26
22007,25,0.04
22009,82,0.29
22011,78,0.32
22013,13,0.2
22015,435,0.26
22017,980,0.2
22019,483,0.28
22021,7,0.34
22023,4,0.69
22025,5,0.27
22027,9,0.05
22029,27,0.1
22031,64,0.27
22033,2635,0.22
22035,6,0.03
22037,24,0.16
22039,52,0.27
22041,39,0.23
22043,28,0.31
22045,128,0.28
22047,78,0.24
22049,14,0.18
22051,1786,0.25
22053,44,0.31
22055,1122,0.27
22057,161,0.3
22059,13,0.34
22061,161,0.21
22063,321,0.34
22065,7,-0.0
22067,41,0.02
22069,104,0.24
22071,5242,0.17
22073,307,0.18
22075,70,0.33
22077,42,0.34
22079,385,0.26
22081,7,0.57
22083,22,0.29
22085,19,0.21
22087,97,0.28
22089,185,0.24
22091,11,0.26
22093,38,0.1
22095,94,0.1
22097,160,0.24
22099,72,0.16
22101,67,0.28
22103,949,0.29
22105,374,0.26
22107,1,0.14
22109,165,0.26
22111,13,0.38
22113,89,0.27
22115,88,0.26
22117,46,0.26
22119,66,0.3
22121,117,0.11
22123,31,0.23
22125,37,0.21
22127,18,0.21
23001,643,0.26
23003,180,0.29
23005,3866,0.26
23007,149,0.26
23009,350,0.22
23011,755,0.32
23013,217,0.29
23015,229,0.23
23017,206,0.24
23019,947,0.29
23021,60,0.25
23023,293,0.27
23025,120,0.35
23027,206,0.27
23029,112,0.28
23031,1603,0.29
24001,245,0.34
24003,6775,0.27
24005,8650,0.23
24009,897,0.3
24011,195,0.24
24013,1519,0.33
24015,1092,0.31
24017,1447,0.1
24019,189,0.32
24021,2931,0.28
24023,65,0.34
24025,3576,0.33
24027,4783,0.24
24029,195,0.29
24031,16083,0.24
24033,8442,0.05
24035,434,0.35
24037,654,0.24
24039,115,0.19
24041,390,0.32
24043,772,0.25
24045,791,0.26
24047,299,0.3
24510,8176,0.18
25001,1695,0.3
25005,4814,0.31
25007,185,0.23
25009,7461,0.28
25013,9113,0.25
25017,26638,0.27
25019,132,0.25
25021,9191,0.28
25023,4691,0.29
25025,14849,0.21
25027,6640,0.29
26001,22,0.4
26003,15,0.36
26005,652,0.35
26007,117,0.34
26009,94,0.33
26011,41,0.36
26013,14,0.04
26015,387,0.37
26017,719,0.37
26019,90,0.28
26021,1297,0.33
26023,131,0.38
26025,1263,0.26
26027,221,0.29
26029,98,0.38
26031,60,0.32
26033,109,0.32
26035,95,0.33
26037,512,0.28
26039,47,0.4
26041,72,0.41
26043,61,0.34
26045,1157,0.27
26047,157,0.36
26049,2928,0.27
26051,76,0.41
26053,46,0.3
26055,848,0.28
26057,246,0.32
26059,182,0.34
26061,226,0.28
26063,113,0.44
26065,4881,0.24
26067,460,0.35
26069,82,0.31
26071,12,0.28
26073,908,0.28
26075,1236,0.31
26077,3689,0.26
26079,50,0.2
26081,9405,0.28
26083,9,0.29
26085,19,0.23
26087,298,0.36
26089,97,0.28
26091,555,0.31
26093,1244,0.33
26095,15,0.17
26097,35,0.34
26099,5236,0.32
26101,71,0.39
26103,381,0.31
26105,113,0.25
26107,398,0.23
26109,50,0.47
26111,880,0.28
26113,41,0.31
26115,887,0.32
26117,429,0.33
26119,17,0.35
26121,966,0.3
26123,126,0.39
26125,12758,0.28
26127,79,0.35
26129,75,0.34
26131,12,0.27
26133,68,0.37
26135,43,0.3
26137,116,0.32
26139,4317,0.31
26141,39,0.42
26143,125,0.41
26145,1164,0.3
26147,938,0.34
26149,177,0.34
26151,207,0.42
26153,27,0.29
26155,394,0.34
26157,207,0.41
26159,488,0.31
26161,7584,0.24
26163,11749,0.21
26165,122,0.33
27001,43,0.38
27003,4401,0.28
27005,142,0.33
27007,296,0.32
27009,261,0.35
27011,16,0.37
27013,1075,0.31
27015,207,0.35
27017,306,0.33
27019,1474,0.32
27021,74,0.43
27023,67,0.36
27025,432,0.34
27027,730,0.32
27029,16,0.26
27031,31,0.29
27033,54,0.39
27035,325,0.31
27037,6055,0.31
27039,255,0.38
27041,260,0.37
27043,45,0.42
27045,251,0.34
27047,131,0.36
27049,544,0.36
27051,42,0.42
27053,23202,0.25
27055,169,0.35
27057,57,0.32
27059,200,0.34
27061,179,0.34
27063,22,0.43
27065,45,0.33
27067,201,0.32
27069,14,0.35
27071,24,0.3
27073,20,0.23
27075,61,0.34
27077,8,0.34
27079,118,0.34
27081,20,0.12
27083,203,0.32
27085,258,0.32
27087,14,0.41
27089,15,0.29
27091,96,0.28
27093,128,0.36
27095,142,0.34
27097,142,0.41
27099,391,0.29
27101,36,0.32
27103,434,0.31
27105,76,0.32
27107,18,0.33
27109,4041,0.29
27111,304,0.3
27113,104,0.28
27115,107,0.33
27117,60,0.35
27119,138,0.3
27121,44,0.28
27123,9952,0.25
27125,16,0.35
27127,59,0.4
27129,50,0.39
27131,915,0.31
27133,53,0.4
27135,53,0.43
27137,2955,0.3
27139,2211,0.32
27141,682,0.33
27143,62,0.32
27145,1230,0.3
27147,388,0.32
27149,60,0.28
27151,40,0.26
27153,76,0.31
27155,7,0.11
27157,198,0.34
27159,43,0.38
27161,123,0.32
27163,3838,0.31
27165,48,0.4
27167,22,0.27
27169,785,0.36
27171,1181,0.35
27173,36,0.33
28001,53,0.14
28003,74,0.22
28005,9,0.24
28007,51,0.23
28009,11,0.09
28011,78,0.19
28013,34,0.3
28015,8,0.28
28017,29,0.39
28019,12,0.24
28021,8,-0.14
28023,26,0.35
28025,38,0.06
28027,46,0.23
28029,35,0.1
28031,32,0.01
28033,885,0.22
28035,1318,0.25
28037,10,0.02
28039,63,0.29
28041,25,0.26
28043,39,0.25
28045,127,0.32
28047,947,0.29
28049,1053,0.12
28051,25,0.15
28053,12,0.18
28055,1,-0.27
28057,30,0.27
28059,507,0.28
28061,27,0.04
28063,11,-0.12
28065,16,0.18
28067,151,0.29
28069,11,0.14
28071,836,0.28
28073,129,0.36
28075,190,0.21
28077,23,0.03
28079,50,0.01
28081,258,0.24
28083,39,0.03
28085,57,0.21
28087,142,0.18
28089,662,0.22
28091,62,0.24
28093,90,0.14
28095,65,0.16
28097,16,0.33
28099,84,0.22
28101,55,0.34
28103,18,-0.08
28105,682,0.22
28107,126,0.14
28109,119,0.3
28111,20,0.32
28113,80,0.1
28115,51,0.28
28117,18,0.41
28119,8,-0.02
28121,594,0.27
28123,76,0.26
28125,4,-0.16
28127,49,0.22
28129,16,0.2
28131,171,0.23
28133,37,0.07
28135,14,0.1
28137,89,0.29
28139,30,0.3
28141,21,0.35
28143,13,-0.06
28145,54,0.28
28147,22,0.1
28149,86,0.11
28151,70,0.03
28153,22,0.03
28155,29,0.36
28157,15,0.2
28159,44,0.12
28161,31,0.27
28163,26,0.24
29001,253,0.3
29003,57,0.36
29005,33,0.43
29007,74,0.36
29009,93,0.26
29011,22,0.45
29013,99,0.35
29015,24,0.17
29017,22,0.5
29019,3416,0.26
29021,419,0.32
29023,70,0.35
29025,23,0.36
29027,196,0.31
29029,152,0.34
29031,433,0.33
29033,33,0.21
29035,14,0.45
29037,774,0.27
29039,23,0.33
29041,14,0.22
29043,610,0.32
29045,17,0.19
29047,2625,0.29
29049,83,0.33
29051,682,0.26
29053,68,0.33
29055,42,0.37
29057,15,0.28
29059,30,0.27
29061,38,0.43
29063,26,0.45
29065,41,0.37
29067,32,0.37
29069,44,0.26
29071,515,0.34
29073,98,0.36
29075,48,0.41
29077,3402,0.29
29079,22,0.22
29081,37,0.34
29083,65,0.27
29085,12,0.32
29087,18,0.22
29089,26,0.18
29091,102,0.36
29093,12,0.26
29095,7587,0.23
29097,844,0.28
29099,929,0.35
29101,450,0.28
29103,27,0.18
29105,119,0.26
29107,134,0.29
29109,56,0.32
29111,60,0.32
29113,192,0.25
29115,163,0.31
29117,35,0.32
29119,38,0.28
29121,50,0.28
29123,18,0.21
29125,19,0.33
29127,100,0.35
29129,12,0.15
29131,51,0.35
29133,22,0.18
29135,40,0.32
29137,18,0.36
29139,42,0.39
29141,52,0.28
29143,47,0.28
29145,70,0.27
29147,945,0.32
29149,10,0.33
29151,48,0.34
29153,11,0.43
29155,24,0.21
29157,39,0.38
29159,126,0.33
29161,226,0.34
29163,51,0.35
29165,1175,0.3
29167,156,0.38
29169,323,0.25
29171,3,0.35
29173,19,0.29
29175,67,0.3
29177,96,0.39
29179,11,0.25
29181,14,0.31
29183,3416,0.33
29185,13,0.41
29186,97,0.37
29187,355,0.35
29189,11720,0.26
29195,87,0.27
29197,7,0.64
29199,12,0.34
29201,108,0.33
29203,4,0.4
29205,12,0.38
29207,37,0.38
29209,78,0.27
29211,12,0.4
29213,134,0.3
29215,71,0.34
29217,60,0.32
29219,167,0.36
29221,34,0.36
29223,22,0.28
29225,208,0.3
29227,19,0.22
29229,36,0.41
29510,3930,0.19
30001,55,0.37
30003,17,-0.02
30005,3,-0.15
30007,11,0.13
30009,28,0.26
30011,1,0.33
30013,362,0.29
30015,5,0.3
30017,30,0.29
30019,1,0.53
30021,40,0.34
30023,15,0.41
30025,4,0.37
30027,17,0.33
30029,333,0.26
30031,1408,0.23
30033,4,-0.32
30035,14,0.35
30039,4,0.74
30041,55,0.31
30043,28,0.29
30045,2,0.41
30047,88,0.28
30049,402,0.23
30051,4,0.33
30053,63,0.22
30055,2,0.42
30057,11,0.29
30059,2,0.63
30061,20,0.31
30063,1597,0.23
30065,4,0.13
30067,78,0.26
30071,7,0.58
30073,6,0.44
30075,1,0.72
30077,9,0.4
30079,2,-0.01
30081,127,0.29
30083,54,0.38
30085,15,0.21
30087,8,0.26
30089,14,0.45
30091,8,0.4
30093,99,0.3
30095,28,0.42
30097,8,0.35
30099,15,0.35
30105,12,0.18
30107,3,0.47
30111,623,0.28
31001,192,0.34
31003,18,0.54
31009,3,0.6
31011,20,0.52
31013,50,0.34
31015,9,0.43
31017,19,0.2
31019,417,0.27
31021,18,0.38
31023,33,0.39
31025,183,0.33
31027,35,0.38
31029,10,0.4
31031,9,0.45
31033,21,0.18
31035,32,0.3
31037,42,0.34
31039,31,0.36
31041,33,0.32
31043,72,0.3
31045,83,0.26
31047,103,0.34
31049,16,0.4
31051,13,0.32
31053,224,0.27
31055,7464,0.27
31057,10,0.27
31059,24,0.22
31061,8,0.44
31063,11,0.39
31065,19,0.22
31067,99,0.33
31069,5,-0.26
31071,6,0.35
31073,14,0.39
31075,1,0.61
31077,13,0.23
31079,329,0.32
31081,66,0.35
31083,16,0.31
31087,5,0.72
31089,29,0.57
31091,2,0.7
31093,35,0.42
31095,26,0.42
31097,17,0.45
31099,21,0.43
31101,24,0.33
31103,1,0.78
31105,5,0.13
31107,32,0.26
31109,5416,0.29
31111,80,0.31
31113,3,0.56
31115,2,0.24
31117,2,0.2
31119,185,0.32
31121,20,0.4
31123,7,0.55
31125,17,0.44
31127,51,0.44
31129,18,0.31
31131,62,0.32
31133,6,0.26
31135,13,0.04
31137,38,0.39
31139,15,0.38
31141,166,0.36
31143,23,0.47
31145,31,0.43
31147,28,0.44
31149,7,0.47
31151,134,0.41
31153,1996,0.32
31155,123,0.36
31157,156,0.28
31159,136,0.35
31161,35,0.32
31163,11,0.67
31165,3,0.18
31167,6,0.26
31169,25,0.39
31173,21,0.22
31175,14,0.4
31177,127,0.34
31179,62,0.36
31181,14,0.51
31183,1,0.13
31185,153,0.33
32001,58,0.21
32003,8972,0.22
32005,225,0.29
32007,129,0.35
32009,6,0.38
32011,4,0.44
32013,41,0.4
32015,13,0.18
32017,15,0.34
32019,157,0.32
32021,8,0.1
32023,91,0.32
32027,8,0.38
32029,5,0.63
32031,3631,0.25
32033,20,0.2
32510,220,0.32
33001,426,0.29
33003,268,0.34
33005,468,0.31
33007,111,0.4
33009,974,0.32
33011,2740,0.3
33013,1443,0.31
33015,2584,0.31
33017,1153,0.3
33019,235,0.3
34001,1054,0.3
34003,6368,0.32
34005,3259,0.25
34007,3709,0.26
34009,339,0.37
34011,399,0.27
34013,5176,0.21
34015,1615,0.29
34017,3567,0.24
34019,1101,0.32
34021,3622,0.27
34023,4500,0.26
34025,3942,0.32
34027,4054,0.33
34029,2154,0.35
34031,2010,0.3
34033,234,0.3
34035,2725,0.3
34037,993,0.38
34039,3354,0.25
34041,565,0.34
35001,5638,0.22
35003,4,0.41
35005,120,0.27
35006,46,0.19
35007,28,0.27
35009,284,0.26
35011,5,0.42
35013,1042,0.24
35015,99,0.33
35017,87,0.27
35019,8,0.51
35021,1,0.69
35023,8,0.19
35025,117,0.31
35027,37,0.24
35028,87,0.18
35029,49,0.24
35031,109,0.3
35033,7,0.28
35035,195,0.2
35037,29,0.29
35039,91,0.18
35041,249,0.23
35043,826,0.25
35045,216,0.29
35047,75,0.34
35049,850,0.21
35051,23,0.43
35053,64,0.32
35055,169,0.17
35057,38,0.32
35059,8,0.04
35061,311,0.24
36001,3244,0.27
36003,272,0.31
36005,7937,0.13
36007,1309,0.27
36009,386,0.31
36011,502,0.33
36013,762,0.27
36015,520,0.32
36017,210,0.34
36019,605,0.3
36021,373,0.28
36023,425,0.29
36025,173,0.29
36027,2423,0.28
36029,8452,0.28
36031,190,0.36
36033,372,0.3
36035,290,0.32
36037,586,0.31
36039,185,0.28
36041,17,0.25
36043,289,0.33
36045,552,0.34
36047,21900,0.16
36049,132,0.36
36051,507,0.28
36053,426,0.32
36055,10547,0.28
36057,288,0.33
36059,9204,0.32
36061,26926,0.23
36063,995,0.32
36065,1010,0.3
36067,4866,0.28
36069,1290,0.34
36071,2632,0.27
36073,203,0.32
36075,576,0.37
36077,498,0.32
36079,742,0.34
36081,12006,0.22
36083,1157,0.28
36085,1978,0.28
36087,1865,0.27
36089,784,0.29
36091,1978,0.33
36093,1862,0.3
36095,111,0.35
36097,86,0.3
36099,249,0.36
36101,485,0.33
36103,9676,0.33
36105,298,0.31
36107,370,0.3
36109,2247,0.26
36111,1446,0.29
36113,478,0.38
36115,321,0.4
36117,1035,0.36
36119,9804,0.28
36121,161,0.29
36123,227,0.4
37001,1770,0.27
37003,133,0.32
37005,38,0.31
37007,62,0.21
37009,165,0.36
37011,95,0.28
37013,237,0.28
37015,46,0.11
37017,67,0.22
37019,463,0.33
37021,3802,0.25
37023,323,0.31
37025,1764,0.25
37027,241,0.38
37029,33,0.34
37031,205,0.31
37033,51,0.14
37035,879,0.32
37037,408,0.27
37039,62,0.28
37041,42,0.22
37043,27,0.37
37045,430,0.26
37047,112,0.25
37049,415,0.26
37051,1901,0.16
37053,80,0.32
37055,162,0.34
37057,494,0.32
37059,269,0.34
37061,106,0.19
37063,6310,0.18
37065,220,0.11
37067,3898,0.24
37069,288,0.26
37071,1101,0.29
37073,30,0.2
37075,19,0.23
37077,250,0.19
37079,33,0.24
37081,5543,0.18
37083,182,0.14
37085,363,0.28
37087,281,0.34
37089,709,0.3
37091,67,0.12
37093,194,0.15
37095,11,0.19
37097,1216,0.3
37099,362,0.3
37101,787,0.27
37103,24,0.32
37105,339,0.24
37107,217,0.24
37109,393,0.31
37111,168,0.31
37113,100,0.32
37115,191,0.3
37117,99,0.22
37119,15624,0.22
37121,38,0.25
37123,64,0.29
37125,506,0.31
37127,331,0.22
37129,1782,0.31
37131,45,-0.0
37133,969,0.27
37135,4572,0.26
37137,36,0.28
37139,147,0.15
37141,218,0.28
37143,32,0.36
37145,174,0.32
37147,2553,0.24
37149,64,0.35
37151,400,0.3
37153,94,0.25
37155,380,0.21
37157,373,0.23
37159,634,0.29
37161,211,0.29
37163,137,0.27
37165,76,0.2
37167,256,0.29
37169,189,0.35
37171,274,0.32
37173,115,0.2
37175,196,0.32
37177,10,0.36
37179,1927,0.3
37181,126,0.11
37183,13108,0.26
37185,61,0.1
37187,31,0.06
37189,987,0.25
37191,435,0.22
37193,692,0.35
37195,344,0.22
37197,176,0.38
37199,68,0.35
38001,2,0.57
38003,32,0.35
38005,9,0.37
38007,1,0.51
38009,16,0.22
38011,4,0.35
38013,5,0.05
38015,476,0.32
38017,1693,0.31
38019,6,0.48
38021,13,0.25
38023,5,0.39
38025,6,0.43
38027,4,0.21
38029,2,0.68
38031,18,0.38
38033,2,0.1
38035,926,0.32
38037,2,0.14
38039,2,0.08
38041,2,0.18
38043,4,0.45
38045,10,0.3
38049,10,0.47
38051,9,0.26
38053,17,0.39
38055,34,0.26
38057,9,0.45
38059,70,0.3
38061,20,0.29
38063,7,0.58
38065,4,0.58
38067,24,0.34
38069,33,0.32
38071,19,0.39
38073,14,0.61
38075,9,0.41
38077,39,0.42
38079,32,0.32
38081,10,0.27
38083,3,0.57
38085,2,0.04
38089,72,0.32
38091,4,0.57
38093,90,0.29
38095,5,0.31
38097,31,0.24
38099,28,0.43
38101,424,0.24
38103,10,0.6
38105,88,0.39
39001,94,0.37
39003,580,0.28
39005,209,0.35
39007,333,0.28
39009,1239,0.27
39011,227,0.38
39013,138,0.27
39015,144,0.39
39017,4908,0.29
39019,308,0.34
39021,147,0.28
39023,658,0.28
39025,2192,0.32
39027,228,0.33
39029,587,0.37
39031,118,0.39
39033,199,0.3
39035,12732,0.25
39037,214,0.35
39039,159,0.34
39041,3731,0.32
39043,532,0.32
39045,1315,0.3
39047,163,0.37
39049,23346,0.24
39051,211,0.36
39053,81,0.33
39055,616,0.36
39057,1727,0.26
39059,204,0.32
39061,12627,0.24
39063,533,0.36
39065,159,0.35
39067,28,0.4
39069,194,0.31
39071,167,0.32
39073,93,0.36
39075,75,0.34
39077,356,0.33
39079,96,0.37
39081,170,0.32
39083,422,0.3
39085,1663,0.33
39087,174,0.33
39089,1123,0.3
39091,214,0.35
39093,2387,0.31
39095,2971,0.27
39097,365,0.33
39099,889,0.3
39101,355,0.34
39103,1359,0.36
39105,52,0.35
39107,142,0.35
39109,716,0.3
39111,22,0.38
39113,5174,0.24
39115,45,0.35
39117,135,0.34
39119,564,0.36
39121,34,0.36
39123,216,0.35
39125,81,0.25
39127,151,0.38
39129,531,0.33
39131,91,0.32
39133,1589,0.3
39135,188,0.37
39137,202,0.42
39139,710,0.3
39141,526,0.29
39143,256,0.29
39145,228,0.31
39147,392,0.31
39149,249,0.36
39151,2186,0.32
39153,5221,0.28
39155,701,0.32
39157,295,0.31
39159,351,0.38
39161,116,0.37
39163,34,0.29
39165,2655,0.31
39167,294,0.31
39169,636,0.3
39171,149,0.34
39173,1858,0.3
39175,119,0.36
40001,52,0.38
40003,7,0.3
40005,15,0.31
40007,4,0.48
40009,30,0.35
40011,16,0.1
40013,99,0.37
40015,47,0.3
40017,654,0.28
40019,187,0.27
40021,217,0.23
40023,36,0.31
40025,4,0.32
40027,2837,0.26
40029,9,0.51
40031,349,0.23
40033,10,0.24
40035,26,0.34
40037,257,0.33
40039,98,0.28
40041,55,0.33
40043,7,0.54
40045,6,0.45
40047,172,0.34
40049,74,0.27
40051,115,0.24
40053,4,0.37
40055,7,0.58
40057,2,0.66
40059,4,0.3
40061,26,0.29
40063,32,0.36
40065,107,0.29
40067,1,0.87
40069,21,0.23
40071,90,0.31
40073,40,0.48
40075,4,0.02
40077,19,0.43
40079,109,0.38
40081,45,0.21
40083,105,0.22
40085,6,0.18
40087,158,0.33
40089,53,0.19
40091,43,0.29
40093,16,0.41
40095,28,0.25
40097,85,0.29
40099,35,0.42
40101,229,0.22
40103,17,0.28
40105,13,0.33
40107,20,0.29
40109,5151,0.22
40111,77,0.24
40113,128,0.14
40115,66,0.28
40117,43,0.3
40119,809,0.31
40121,92,0.46
40123,174,0.33
40125,244,0.29
40127,26,0.24
40129,6,0.18
40131,359,0.32
40133,53,0.33
40135,88,0.3
40137,76,0.36
40139,22,0.31
40141,8,0.19
40143,4949,0.24
40145,356,0.3
40147,218,0.26
40149,15,0.47
40151,35,0.41
40153,51,0.4
41001,44,0.19
41003,2447,0.25
41005,4365,0.26
41007,211,0.22
41009,334,0.31
41011,256,0.29
41013,73,0.2
41015,80,0.2
41017,1406,0.24
41019,328,0.25
41021,5,0.41
41023,20,0.4
41025,24,0.27
41027,272,0.25
41029,1803,0.24
41031,90,0.18
41033,498,0.3
41035,283,0.23
41037,23,0.23
41039,4588,0.2
41041,308,0.28
41043,1297,0.26
41045,67,0.19
41047,5195,0.24
41049,24,0.26
41051,16839,0.19
41053,1271,0.26
41055,15,0.34
41057,185,0.27
41059,296,0.23
41061,116,0.31
41063,30,0.22
41065,169,0.25
41067,7825,0.24
41069,4,0.13
41071,936,0.24
42001,610,0.34
42003,13929,0.27
42005,164,0.44
42007,749,0.32
42009,89,0.42
42011,2310,0.31
42013,400,0.32
42015,124,0.29
42017,6625,0.33
42019,1291,0.33
42021,502,0.36
42023,16,0.55
42025,268,0.35
42027,3191,0.28
42029,6202,0.31
42031,207,0.3
42033,266,0.36
42035,161,0.32
42037,322,0.32
42039,260,0.31
42041,3290,0.31
42043,2323,0.25
42045,7681,0.28
42047,118,0.36
42049,1591,0.32
42051,474,0.37
42053,12,0.22
42055,711,0.32
42057,30,0.35
42059,75,0.37
42061,187,0.34
42063,460,0.31
42065,139,0.39
42067,72,0.28
42069,956,0.31
42071,4556,0.29
42073,427,0.35
42075,855,0.32
42077,2223,0.3
42079,1023,0.31
42081,487,0.3
42083,183,0.33
42085,459,0.33
42087,118,0.29
42089,837,0.26
42091,10266,0.3
42093,141,0.31
42095,2411,0.28
42097,286,0.4
42099,196,0.4
42101,22472,0.2
42103,388,0.32
42105,35,0.32
42107,391,0.39
42109,202,0.3
42111,203,0.37
42113,9,0.33
42115,84,0.4
42117,154,0.34
42119,328,0.29
42121,159,0.39
42123,91,0.36
42125,948,0.33
42127,170,0.35
42129,1629,0.34
42131,113,0.36
42133,3112,0.32
44001,708,0.33
44003,1410,0.32
44005,829,0.28
44007,6058,0.24
44009,1702,0.3
45001,32,0.29
45003,606,0.27
45005,15,-0.09
45007,570,0.28
45009,20,0.25
45011,36,0.13
45013,767,0.3
45015,865,0.21
45017,13,0.0
45019,3903,0.25
45021,104,0.33
45023,81,0.26
45025,87,0.07
45027,45,0.19
45029,100,0.15
45031,156,0.31
45033,50,0.23
45035,659,0.23
45037,34,0.33
45039,67,0.15
45041,421,0.21
45043,158,0.27
45045,2859,0.29
45047,218,0.3
45049,52,0.08
45051,1329,0.27
45053,67,0.22
45055,351,0.23
45057,518,0.27
45059,126,0.27
45061,29,0.07
45063,1720,0.29
45065,13,0.37
45067,56,0.2
45069,38,0.13
45071,98,0.28
45073,218,0.26
45075,197,0.06
45077,632,0.32
45079,4065,0.21
45081,22,0.3
45083,1083,0.25
45085,329,0.18
45087,226,0.31
45089,42,0.17
45091,1737,0.24
46003,6,0.36
46005,52,0.38
46007,10,0.25
46009,19,0.51
46011,577,0.32
46013,211,0.33
46015,24,0.4
46017,2,0.02
46019,27,0.28
46021,3,0.65
46023,25,0.4
46025,12,0.65
46027,543,0.29
46029,272,0.42
46033,24,0.3
46035,96,0.33
46037,10,0.46
46039,21,0.43
46041,32,0.21
46043,8,0.5
46045,8,0.36
46047,18,0.18
46049,2,0.2
46051,24,0.35
46053,11,0.65
46055,3,0.5
46057,41,0.25
46059,3,0.61
46061,10,0.16
46063,3,0.67
46065,82,0.36
46067,25,0.44
46069,3,0.43
46071,13,0.3
46073,5,0.5
46075,1,0.41
46077,22,0.41
46079,45,0.34
46081,183,0.31
46083,170,0.4
46085,15,0.3
46087,29,0.27
46089,4,0.55
46091,4,0.08
46093,121,0.24
46095,1,-0.1
46097,9,0.3
46099,1972,0.31
46101,17,0.47
46103,742,0.27
46105,5,0.44
46107,5,0.3
46109,28,0.23
46111,4,0.3
46113,70,0.15
46115,19,0.32
46117,20,0.52
46119,2,0.37
46121,14,0.26
46123,5,0.44
46125,33,0.32
46127,116,0.34
46129,22,0.24
46135,116,0.33
46137,7,0.39
47001,275,0.29
47003,81,0.19
47005,23,0.22
47007,7,0.05
47009,610,0.32
47011,274,0.28
47013,54,0.37
47015,30,0.18
47017,51,0.26
47019,140,0.27
47021,135,0.28
47023,32,0.33
47025,91,0.32
47027,1,0.25
47029,73,0.27
47031,118,0.33
47033,21,0.29
47035,84,0.38
47037,7314,0.21
47039,17,0.15
47041,26,0.31
47043,206,0.34
47045,86,0.22
47047,72,0.34
47049,23,0.15
47051,95,0.17
47053,110,0.34
47055,42,0.2
47057,48,0.33
47059,138,0.33
47061,23,0.3
47063,186,0.27
47065,2168,0.25
47067,8,0.44
47069,31,0.18
47071,29,0.23
47073,100,0.34
47075,26,0.17
47077,28,0.4
47079,58,0.32
47081,44,0.34
47083,6,0.19
47085,25,0.29
47087,6,0.26
47089,210,0.35
47091,56,0.35
47093,4482,0.27
47095,20,0.03
47097,27,0.32
47099,65,0.29
47101,14,0.3
47103,60,0.38
47105,148,0.31
47107,107,0.23
47109,30,0.47
47111,28,0.36
47113,249,0.24
47115,44,0.33
47117,62,0.26
47119,355,0.26
47121,24,0.16
47123,73,0.32
47125,984,0.21
47127,12,0.21
47129,33,0.3
47131,59,0.26
47133,27,0.44
47135,5,0.17
47137,2,0.54
47139,29,0.33
47141,310,0.29
47143,35,0.31
47145,76,0.35
47147,185,0.34
47149,1453,0.23
47151,27,0.33
47153,8,0.15
47155,295,0.28
47157,5369,0.2
47159,18,0.29
47161,26,0.33
47163,690,0.34
47165,624,0.3
47167,148,0.26
47169,12,0.34
47171,46,0.33
47173,36,0.43
47175,2,0.42
47177,50,0.37
47179,1029,0.27
47181,15,0.48
47183,80,0.33
47185,59,0.31
47187,1817,0.32
47189,649,0.3
48001,94,0.28
48003,34,0.37
48005,130,0.25
48007,24,0.39
48009,8,0.31
48011,3,0.4
48013,65,0.25
48015,58,0.23
48017,16,0.36
48019,35,0.38
48021,300,0.25
48023,6,0.33
48025,45,0.32
48027,1214,0.21
48029,8039,0.22
48031,33,0.29
48035,30,0.27
48037,210,0.32
48039,1714,0.22
48041,2625,0.28
48043,28,0.24
48045,2,0.58
48047,1,0.7
48049,65,0.29
48051,27,0.41
48053,95,0.35
48055,124,0.28
48057,13,0.43
48059,20,0.29
48061,1144,0.28
48063,17,0.31
48065,11,0.25
48067,49,0.28
48069,18,0.39
48071,238,0.32
48073,114,0.38
48075,11,0.32
48077,9,0.33
48079,8,0.5
48081,2,0.59
48083,7,0.29
48085,5328,0.26
48087,8,0.05
48089,32,0.23
48091,619,0.27
48093,13,0.24
48095,6,0.43
48097,60,0.31
48099,153,0.29
48101,1,0.2
48103,16,0.19
48105,3,-0.17
48107,19,0.21
48109,2,0.71
48111,9,0.4
48113,14455,0.22
48115,14,0.2
48117,44,0.34
48119,8,0.52
48121,4671,0.25
48123,19,0.19
48125,4,0.38
48127,8,-0.05
48129,2,0.1
48131,7,0.06
48133,22,0.13
48135,708,0.27
48137,5,0.21
48139,654,0.25
48141,3238,0.24
48143,156,0.32
48145,23,0.22
48147,57,0.3
48149,37,0.35
48151,6,0.48
48153,23,0.2
48155,1,0.86
48157,3957,0.22
48159,14,0.34
48161,23,0.25
48163,8,0.39
48165,83,0.38
48167,1813,0.27
48169,10,0.41
48171,43,0.28
48173,3,0.2
48175,11,0.31
48177,31,0.37
48179,26,0.26
48181,310,0.36
48183,327,0.29
48185,74,0.22
48187,558,0.2
48189,146,0.27
48191,2,0.31
48193,10,0.05
48195,15,0.36
48197,3,0.29
48199,75,0.31
48201,24894,0.22
48203,85,0.28
48205,2,-0.11
48207,2,0.22
48209,2175,0.22
48211,23,0.44
48213,82,0.3
48215,1976,0.25
48217,61,0.3
48219,103,0.28
48221,130,0.34
48223,55,0.24
48225,27,0.35
48227,33,0.27
48229,4,0.13
48231,190,0.25
48233,28,0.25
48235,2,0.76
48237,14,0.29
48239,11,0.23
48241,38,0.28
48243,4,0.21
48245,466,0.2
48247,3,0.28
48249,91,0.22
48251,628,0.3
48253,35,0.15
48255,48,0.23
48257,503,0.26
48259,172,0.25
48261,2,0.54
48265,141,0.35
48267,3,0.29
48269,1,0.03
48271,4,-0.1
48273,41,0.29
48275,3,0.06
48277,72,0.29
48279,40,0.28
48281,51,0.21
48283,16,0.25
48285,18,0.34
48287,34,0.27
48289,27,0.27
48291,130,0.36
48293,41,0.2
48295,3,0.15
48297,6,0.05
48299,22,0.34
48303,2892,0.27
48305,22,0.26
48307,10,0.52
48309,1565,0.25
48313,16,0.33
48315,9,0.23
48317,4,0.05
48319,8,0.12
48321,51,0.24
48323,53,0.41
48325,89,0.34
48327,3,0.16
48329,476,0.31
48331,53,0.27
48333,2,0.56
48335,5,0.36
48337,23,0.25
48339,2170,0.28
48341,28,0.28
48343,14,0.45
48347,258,0.23
48349,60,0.26
48351,5,0.66
48353,15,0.26
48355,674,0.27
48357,13,0.13
48359,4,0.2
48361,100,0.32
48363,51,0.28
48365,24,0.34
48367,380,0.35
48369,15,0.33
48371,15,0.23
48373,57,0.26
48375,394,0.26
48377,13,0.16
48379,13,0.21
48381,811,0.29
48383,3,0.7
48385,2,0.36
48387,11,0.16
48389,20,0.37
48391,4,0.19
48395,26,0.17
48397,635,0.28
48399,8,0.37
48401,56,0.21
48403,8,0.57
48405,7,0.1
48407,17,0.25
48409,92,0.26
48411,4,0.38
48413,2,0.15
48415,23,0.43
48417,5,0.51
48419,23,0.22
48421,2,0.0
48423,936,0.28
48425,15,0.21
48427,67,0.31
48429,4,0.21
48431,1,0.94
48433,2,0.22
48435,24,0.21
48437,14,0.4
48439,10213,0.23
48441,764,0.24
48445,53,0.29
48449,51,0.23
48451,365,0.27
48453,15788,0.22
48455,12,0.31
48457,22,0.37
48459,65,0.28
48461,6,0.28
48463,30,0.28
48465,63,0.29
48467,154,0.33
48469,133,0.26
48471,382,0.17
48473,163,0.05
48475,22,0.27
48477,66,0.38
48479,606,0.31
48481,45,0.27
48483,3,0.23
48485,257,0.24
48487,14,0.17
48489,26,0.32
48491,4112,0.26
48493,102,0.27
48495,13,0.36
48497,185,0.29
48499,145,0.35
48501,24,0.21
48503,26,0.32
48505,13,0.28
48507,6,0.47
49001,92,0.36
49003,258,0.3
49005,2636,0.3
49007,81,0.29
49009,4,0.49
49011,2834,0.28
49013,69,0.31
49015,26,0.37
49017,11,0.22
49019,64,0.26
49021,544,0.3
49023,40,0.26
49025,29,0.35
49027,29,0.28
49029,63,0.3
49031,4,-0.08
49033,18,0.24
49035,11492,0.25
49037,42,0.23
49039,92,0.4
49041,50,0.26
49043,656,0.27
49045,364,0.27
49047,112,0.29
49049,7812,0.28
49051,220,0.27
49053,915,0.29
49055,8,0.04
49057,1915,0.26
50001,581,0.28
50003,370,0.3
50005,271,0.32
50007,5090,0.26
50009,40,0.46
50011,284,0.36
50013,92,0.24
50015,274,0.31
50017,285,0.28
50019,217,0.36
50021,556,0.32
50023,1045,0.25
50025,558,0.26
50027,702,0.29
51001,113,0.24
51003,1534,0.26
51005,23,0.34
51007,31,0.37
51009,150,0.3
51011,43,0.28
51013,4922,0.26
51015,298,0.3
51017,15,0.47
51019,317,0.26
51021,32,0.27
51023,414,0.3
51025,32,0.33
51027,80,0.4
51029,48,0.22
51031,121,0.24
51033,117,0.2
51035,72,0.35
51036,23,-0.01
51037,37,0.28
51041,3033,0.25
51043,84,0.27
51045,15,0.26
51047,249,0.3
51049,18,0.1
51051,23,0.44
51053,52,0.26
51057,46,0.22
51059,12047,0.26
51061,460,0.29
51063,53,0.14
51065,244,0.28
51067,174,0.27
51069,458,0.31
51071,75,0.26
51073,169,0.36
51075,447,0.29
51077,33,0.25
51079,121,0.28
51081,1,0.16
51083,174,0.23
51085,1669,0.32
51087,2610,0.25
51089,140,0.29
51091,6,0.1
51093,183,0.29
51095,1299,0.27
51097,32,0.12
51099,155,0.25
51101,76,0.27
51103,62,0.32
51105,20,0.49
51107,3843,0.27
51109,145,0.29
51111,18,0.44
51113,70,0.34
51115,28,0.3
51117,82,0.25
51119,53,0.32
51121,1582,0.27
51125,95,0.21
51127,155,0.26
51131,46,0.3
51133,46,0.25
51135,36,0.35
51137,292,0.24
51139,68,0.31
51141,43,0.25
51143,161,0.29
51145,145,0.34
51147,209,0.3
51149,83,0.17
51153,2715,0.2
51155,116,0.24
51157,42,0.27
51159,38,0.34
51161,425,0.31
51163,34,0.33
51165,329,0.32
51167,76,0.36
51169,60,0.37
51171,144,0.34
51173,104,0.33
51175,24,0.31
51177,901,0.24
51179,1187,0.24
51181,16,0.2
51183,30,0.3
51185,141,0.37
51187,151,0.31
51191,140,0.28
51193,73,0.28
51195,131,0.38
51197,102,0.33
51199,390,0.33
51510,2423,0.21
51520,82,0.28
51530,56,0.33
51540,2315,0.23
51550,1361,0.22
51570,75,0.22
51580,35,0.32
51590,315,0.23
51595,36,0.03
51600,1094,0.25
51610,342,0.29
51620,31,0.09
51630,356,0.24
51640,59,0.34
51650,844,0.1
51660,1574,0.25
51670,87,0.16
51678,250,0.29
51680,985,0.23
51683,543,0.22
51685,452,0.24
51690,146,0.18
51700,1036,0.16
51710,1542,0.19
51720,20,0.22
51730,197,0.06
51735,66,0.44
51740,382,0.15
51750,421,0.26
51760,3341,0.18
51770,744,0.26
51775,222,0.28
51790,305,0.22
51800,507,0.21
51810,3166,0.27
51820,174,0.27
51830,46,0.27
51840,303,0.27
53001,130,0.26
53003,68,0.28
53005,1622,0.26
53007,673,0.25
53009,351,0.29
53011,5475,0.24
53013,9,0.27
53015,1003,0.27
53017,228,0.2
53019,16,0.37
53021,696,0.22
53023,12,0.39
53025,505,0.24
53027,355,0.25
53029,802,0.3
53031,229,0.26
53033,46613,0.22
53035,2445,0.25
53037,1389,0.24
53039,163,0.26
53041,315,0.23
53043,47,0.34
53045,274,0.29
53047,224,0.25
53049,100,0.32
53051,45,0.26
53053,9217,0.23
53055,152,0.21
53057,1460,0.24
53059,78,0.28
53061,7788,0.24
53063,7227,0.26
53065,206,0.29
53067,3804,0.24
53069,16,0.12
53071,613,0.25
53073,4141,0.25
53075,1665,0.24
53077,1848,0.24
54001,29,0.22
54003,508,0.27
54005,45,0.44
54007,38,0.26
54009,48,0.25
54011,510,0.25
54013,14,0.54
54015,14,0.42
54017,8,0.18
54019,103,0.37
54021,43,0.46
54023,12,0.5
54025,92,0.42
54027,40,0.35
54029,114,0.25
54031,27,0.27
54033,177,0.33
54035,108,0.33
54037,379,0.29
54039,1132,0.31
54041,40,0.29
54043,28,0.36
54045,52,0.27
54047,24,0.3
54049,254,0.35
54051,38,0.24
54053,45,0.27
54055,134,0.31
54057,82,0.39
54059,28,0.35
54061,1852,0.27
54063,35,0.29
54065,48,0.27
54067,54,0.35
54069,202,0.23
54071,11,0.45
54073,16,0.27
54075,16,0.28
54077,63,0.34
54079,243,0.36
54081,224,0.32
54083,64,0.22
54085,13,0.43
54087,22,0.4
54089,12,0.17
54091,35,0.32
54093,16,0.25
54095,23,0.44
54097,89,0.31
54099,84,0.28
54101,26,0.35
54103,31,0.29
54105,14,0.38
54107,282,0.32
54109,21,0.34
55001,41,0.4
55003,188,0.32
55005,399,0.38
55007,89,0.37
55009,3202,0.35
55011,79,0.41
55013,68,0.46
55015,184,0.42
55017,526,0.33
55019,175,0.42
55021,521,0.35
55023,124,0.33
55025,15097,0.27
55027,642,0.39
55029,268,0.3
55031,331,0.33
55033,498,0.34
55035,1585,0.31
55037,15,0.46
55039,936,0.41
55041,31,0.29
55043,620,0.33
55045,370,0.38
55047,113,0.37
55049,197,0.38
55051,29,0.36
55053,109,0.32
55055,689,0.36
55057,229,0.3
55059,1982,0.31
55061,218,0.39
55063,3307,0.33
55065,84,0.32
55067,65,0.33
55069,173,0.29
55071,590,0.38
55073,1072,0.34
55075,172,0.4
55077,71,0.3
55078,13,0.01
55079,14053,0.23
55081,260,0.38
55083,167,0.38
55085,259,0.38
55087,2224,0.34
55089,1302,0.35
55091,50,0.31
55093,697,0.33
55095,272,0.38
55097,1076,0.35
55099,70,0.35
55101,2907,0.29
55103,130,0.34
55105,1673,0.31
55107,48,0.42
55109,949,0.33
55111,525,0.33
55113,152,0.31
55115,225,0.34
55117,1170,0.33
55119,69,0.37
55121,245,0.33
55123,265,0.33
55125,343,0.36
55127,1276,0.34
55129,106,0.33
55131,1442,0.39
55133,4954,0.34
55135,279,0.37
55137,182,0.35
55139,2332,0.35
55141,664,0.36
56001,555,0.23
56003,20,0.25
56005,85,0.29
56007,24,0.24
56009,27,0.32
56011,11,0.34
56013,173,0.26
56015,56,0.37
56017,5,0.31
56019,21,0.36
56021,456,0.26
56023,36,0.23
56025,212,0.29
56027,1,-0.06
56029,95,0.26
56031,20,0.3
56033,120,0.22
56035,13,0.31
56037,143,0.27
56039,488,0.27
56041,53,0.27
56043,7,0.4
56045,11,0.27
